entry,exit,side,ret,hours,reason,pair
2026-04-14 10:45:00+00:00,2026-04-15 08:00:00+00:00,売り,4.190129605340384e-05,21.25,利確,USD/JPY
2026-04-15 08:30:00+00:00,2026-04-15 16:15:00+00:00,売り,-9.758012786532647e-05,7.75,利確,USD/JPY
2026-04-15 17:00:00+00:00,2026-04-15 22:00:00+00:00,売り,0.0003113917180074145,5.0,利確,USD/JPY
2026-04-15 22:15:00+00:00,2026-04-16 02:45:00+00:00,売り,0.0022179147108505218,4.5,利確,USD/JPY
2026-04-16 07:00:00+00:00,2026-04-16 22:00:00+00:00,売り,-0.0016608382842413616,15.0,利確,USD/JPY
2026-04-17 13:00:00+00:00,2026-04-17 18:45:00+00:00,売り,-0.001023280730914744,5.75,損切,USD/JPY
2026-04-20 13:45:00+00:00,2026-04-21 05:00:00+00:00,売り,-0.001753172287854554,15.25,利確,USD/JPY
2026-04-21 21:15:00+00:00,2026-04-23 00:15:00+00:00,買い,0.001297903380714105,27.0,利確,USD/JPY
2026-04-23 02:00:00+00:00,2026-04-23 07:00:00+00:00,買い,0.0012794293049400607,5.0,利確,USD/JPY
2026-04-23 17:30:00+00:00,2026-04-24 11:15:00+00:00,買い,-0.002920297761347956,17.75,損切,USD/JPY
2026-04-28 10:15:00+00:00,2026-04-29 01:00:00+00:00,買い,7.235712435570427e-05,14.75,利確,USD/JPY
2026-04-29 01:00:00+00:00,2026-04-29 13:15:00+00:00,買い,0.0026732674527241043,12.25,利確,USD/JPY
2026-04-29 21:45:00+00:00,2026-04-30 07:45:00+00:00,買い,-0.0011837689604978884,10.0,損切,USD/JPY
2026-04-30 12:00:00+00:00,2026-04-30 23:30:00+00:00,売り,-0.0032339533877250412,11.5,損切,USD/JPY
2026-05-01 06:45:00+00:00,2026-05-01 07:00:00+00:00,売り,-1.6644303141977095e-05,0.25,利確,USD/JPY
2026-05-01 09:30:00+00:00,2026-05-01 13:45:00+00:00,売り,0.0009055514811075916,4.25,利確,USD/JPY
2026-05-01 13:45:00+00:00,2026-05-01 14:00:00+00:00,売り,0.0006606951360642488,0.25,利確,USD/JPY
2026-05-06 05:00:00+00:00,2026-05-06 15:00:00+00:00,売り,-0.001567455736920087,10.0,損切,USD/JPY
2026-05-06 19:00:00+00:00,2026-05-06 21:00:00+00:00,売り,0.0006098990312532915,2.0,利確,USD/JPY
2026-05-06 22:30:00+00:00,2026-05-07 06:30:00+00:00,売り,0.0011330992543008179,8.0,利確,USD/JPY
2026-05-07 06:30:00+00:00,2026-05-07 06:45:00+00:00,売り,-6.7946183988321e-05,0.25,利確,USD/JPY
2026-05-08 15:00:00+00:00,2026-05-11 06:30:00+00:00,売り,-0.0024507915791871612,63.5,利確,USD/JPY
2026-05-13 16:00:00+00:00,2026-05-14 04:00:00+00:00,買い,-0.0017027070489371687,12.0,損切,USD/JPY
2026-05-14 05:00:00+00:00,2026-05-14 12:00:00+00:00,買い,0.0004353615301657566,7.0,利確,USD/JPY
2026-05-14 14:15:00+00:00,2026-05-14 19:30:00+00:00,買い,0.002573836807448149,5.25,利確,USD/JPY
2026-05-15 08:15:00+00:00,2026-05-15 19:45:00+00:00,買い,0.0018389752822038808,11.5,利確,USD/JPY
2026-05-18 07:00:00+00:00,2026-05-19 06:45:00+00:00,買い,0.0007189568556562498,23.75,利確,USD/JPY
2026-05-19 13:00:00+00:00,2026-05-19 16:00:00+00:00,買い,-0.0022330251346172167,3.0,損切,USD/JPY
2026-05-19 21:00:00+00:00,2026-05-20 14:00:00+00:00,買い,0.0005722822504785508,17.0,利確,USD/JPY
2026-05-21 03:15:00+00:00,2026-05-21 17:45:00+00:00,買い,-0.00064083369009994,14.5,損切,USD/JPY
2026-05-22 01:00:00+00:00,2026-05-24 23:00:00+00:00,買い,-0.0018202412811682111,70.0,損切,USD/JPY
2026-05-26 07:00:00+00:00,2026-05-27 14:45:00+00:00,買い,0.0021831563400973478,31.75,利確,USD/JPY
2026-05-27 22:15:00+00:00,2026-05-28 03:45:00+00:00,買い,0.0008641326930718285,5.5,利確,USD/JPY
2026-05-28 04:15:00+00:00,2026-05-29 14:00:00+00:00,買い,-0.0015993444131176093,33.75,利確,USD/JPY
2026-06-01 02:00:00+00:00,2026-06-01 13:00:00+00:00,買い,0.0006839272952139264,11.0,利確,USD/JPY
2026-06-01 17:00:00+00:00,2026-06-02 13:45:00+00:00,買い,0.001147224205158881,20.75,利確,USD/JPY
2026-06-02 19:15:00+00:00,2026-06-03 06:00:00+00:00,買い,0.00014992399290302282,10.75,利確,USD/JPY
2026-06-03 13:30:00+00:00,2026-06-04 04:30:00+00:00,買い,-0.002114239678937546,15.0,損切,USD/JPY
2026-06-04 14:45:00+00:00,2026-06-05 12:30:00+00:00,買い,0.0001602387799319761,21.75,利確,USD/JPY
2026-06-05 12:45:00+00:00,2026-06-05 13:00:00+00:00,買い,-4.380626457290973e-05,0.25,利確,USD/JPY
2026-06-05 20:00:00+00:00,2026-06-08 08:45:00+00:00,買い,-0.0018643804719809087,60.75,損切,USD/JPY
2026-06-08 18:00:00+00:00,2026-06-08 18:45:00+00:00,買い,0.000468615613521839,0.75,利確,USD/JPY
2026-06-08 20:30:00+00:00,2026-06-09 00:45:00+00:00,買い,0.0004032082725997533,4.25,利確,USD/JPY
2026-06-09 07:00:00+00:00,2026-06-09 14:45:00+00:00,買い,0.00028228010197616237,7.75,利確,USD/JPY
2026-06-09 21:15:00+00:00,2026-06-10 06:45:00+00:00,買い,4.751949647839879e-05,9.5,利確,USD/JPY
2026-06-10 14:30:00+00:00,2026-06-11 06:30:00+00:00,買い,0.0009345385147534358,16.0,利確,USD/JPY
2026-06-11 08:30:00+00:00,2026-06-11 12:15:00+00:00,買い,4.928157691018739e-05,3.75,利確,USD/JPY
2026-06-11 13:00:00+00:00,2026-06-11 17:30:00+00:00,買い,-0.002252543972634535,4.5,損切,USD/JPY
2026-06-15 21:00:00+00:00,2026-06-16 13:15:00+00:00,買い,0.0005172105404738115,16.25,利確,USD/JPY
2026-06-16 16:30:00+00:00,2026-06-17 18:00:00+00:00,買い,1.821117140975445e-05,25.5,利確,USD/JPY
2026-06-17 19:00:00+00:00,2026-06-18 06:30:00+00:00,買い,0.000658079729726413,11.5,利確,USD/JPY
2026-06-18 08:00:00+00:00,2026-06-18 08:30:00+00:00,買い,0.00035631969649462257,0.5,利確,USD/JPY
2026-06-18 20:30:00+00:00,2026-06-19 00:30:00+00:00,買い,-0.0024510998312752383,4.0,損切,USD/JPY
2026-06-19 02:45:00+00:00,2026-06-21 23:00:00+00:00,買い,0.0012459685157692913,68.25,利確,USD/JPY
2026-06-22 10:30:00+00:00,2026-06-22 13:15:00+00:00,買い,0.0006349440493369385,2.75,利確,USD/JPY
2026-06-23 04:45:00+00:00,2026-06-23 05:45:00+00:00,買い,0.00023004785388324188,1.0,利確,USD/JPY
2026-06-23 16:00:00+00:00,2026-06-24 06:00:00+00:00,買い,0.00045675884021266776,14.0,利確,USD/JPY
2026-06-24 11:00:00+00:00,2026-06-24 14:45:00+00:00,買い,0.0005867201223113017,3.75,利確,USD/JPY
2026-06-24 16:30:00+00:00,2026-06-25 11:45:00+00:00,買い,0.001124791002224057,19.25,利確,USD/JPY
2026-06-25 20:00:00+00:00,2026-06-26 14:45:00+00:00,買い,-0.0004904529678029345,18.75,利確,USD/JPY
2026-06-26 18:00:00+00:00,2026-06-29 06:15:00+00:00,買い,0.0004737958628369011,60.25,利確,USD/JPY
2026-06-29 07:30:00+00:00,2026-06-29 13:15:00+00:00,買い,0.0007460106307266457,5.75,利確,USD/JPY
2026-06-29 19:45:00+00:00,2026-06-29 20:45:00+00:00,買い,6.151465916314222e-05,1.0,利確,USD/JPY
2026-06-29 22:00:00+00:00,2026-06-30 00:45:00+00:00,買い,0.0008348358048131277,2.75,利確,USD/JPY
2026-06-30 07:45:00+00:00,2026-06-30 12:30:00+00:00,買い,-0.001375808748736118,4.75,損切,USD/JPY
2026-06-30 13:30:00+00:00,2026-06-30 14:45:00+00:00,買い,0.0008534815119258688,1.25,利確,USD/JPY
2026-06-30 20:15:00+00:00,2026-07-01 00:45:00+00:00,買い,0.0011025282248886437,4.5,利確,USD/JPY
2026-07-01 04:45:00+00:00,2026-07-01 12:30:00+00:00,買い,7.270316468498414e-05,7.75,利確,USD/JPY
2026-07-03 08:00:00+00:00,2026-07-03 20:45:00+00:00,売り,-0.0026581529209464103,12.75,利確,USD/JPY
2026-04-14 08:00:00+00:00,2026-04-16 03:00:00+00:00,買い,-0.0014042985756541726,43.0,損切,EUR/JPY
2026-04-16 14:45:00+00:00,2026-04-17 00:45:00+00:00,買い,0.0011424777052881808,10.0,利確,EUR/JPY
2026-04-17 09:15:00+00:00,2026-04-17 13:30:00+00:00,買い,-0.002231168513236692,4.25,損切,EUR/JPY
2026-04-21 09:00:00+00:00,2026-04-22 05:15:00+00:00,買い,-0.0005199630256679355,20.25,利確,EUR/JPY
2026-04-22 09:00:00+00:00,2026-04-22 12:00:00+00:00,買い,-0.002559835987307368,3.0,損切,EUR/JPY
2026-04-27 00:00:00+00:00,2026-04-27 00:45:00+00:00,買い,0.00022348917951741108,0.75,利確,EUR/JPY
2026-04-27 01:15:00+00:00,2026-04-27 01:30:00+00:00,買い,7.236765683015242e-05,0.25,利確,EUR/JPY
2026-04-27 02:15:00+00:00,2026-04-27 07:45:00+00:00,買い,0.000907344518586084,5.5,利確,EUR/JPY
2026-04-27 10:45:00+00:00,2026-04-27 13:00:00+00:00,買い,0.000753989942702249,2.25,利確,EUR/JPY
2026-04-27 16:30:00+00:00,2026-04-28 03:00:00+00:00,買い,-0.0025491326085605,10.5,損切,EUR/JPY
2026-04-28 04:00:00+00:00,2026-04-28 08:00:00+00:00,売り,-0.0021880312490092477,4.0,損切,EUR/JPY
2026-04-28 12:00:00+00:00,2026-04-28 21:00:00+00:00,売り,-0.0009035969529949228,9.0,利確,EUR/JPY
2026-04-28 21:30:00+00:00,2026-04-28 22:00:00+00:00,買い,0.0006350664672756135,0.5,利確,EUR/JPY
2026-04-28 22:00:00+00:00,2026-04-28 22:15:00+00:00,買い,0.0003976505544436183,0.25,利確,EUR/JPY
2026-04-29 01:30:00+00:00,2026-04-29 02:00:00+00:00,買い,0.0002755734745582995,0.5,利確,EUR/JPY
2026-04-29 02:00:00+00:00,2026-04-29 02:15:00+00:00,買い,0.00016757653731679377,0.25,利確,EUR/JPY
2026-04-29 09:00:00+00:00,2026-04-29 09:15:00+00:00,買い,0.00035845390218368643,0.25,利確,EUR/JPY
2026-04-29 19:30:00+00:00,2026-04-30 07:45:00+00:00,買い,-0.0011979271304041305,12.25,損切,EUR/JPY
2026-04-30 10:30:00+00:00,2026-04-30 15:00:00+00:00,売り,0.0038346570996299237,4.5,損切,EUR/JPY
2026-04-30 20:45:00+00:00,2026-04-30 23:30:00+00:00,売り,-0.0023122781253153255,2.75,損切,EUR/JPY
2026-05-01 06:45:00+00:00,2026-05-01 07:00:00+00:00,売り,-0.00013276081926051332,0.25,利確,EUR/JPY
2026-05-01 20:45:00+00:00,2026-05-04 04:30:00+00:00,売り,0.0015732419230121031,55.75,利確,EUR/JPY
2026-05-04 07:15:00+00:00,2026-05-04 18:45:00+00:00,売り,0.0025660473795268038,11.5,利確,EUR/JPY
2026-05-04 21:00:00+00:00,2026-05-05 09:00:00+00:00,売り,-0.002085118525317242,12.0,損切,EUR/JPY
2026-05-06 06:00:00+00:00,2026-05-06 09:15:00+00:00,売り,-0.0010975691315633473,3.25,損切,EUR/JPY
2026-05-06 10:00:00+00:00,2026-05-06 11:30:00+00:00,売り,-0.0014001711165929742,1.5,損切,EUR/JPY
2026-05-06 12:30:00+00:00,2026-05-06 20:00:00+00:00,売り,-0.00027883924034300946,7.5,利確,EUR/JPY
2026-05-07 00:00:00+00:00,2026-05-07 06:30:00+00:00,売り,0.00017054852891794657,6.5,利確,EUR/JPY
2026-05-07 06:30:00+00:00,2026-05-07 06:45:00+00:00,売り,-7.822096724009456e-05,0.25,利確,EUR/JPY
2026-05-13 01:15:00+00:00,2026-05-13 19:30:00+00:00,買い,-0.0009824006298524534,18.25,利確,EUR/JPY
2026-05-14 02:00:00+00:00,2026-05-14 04:00:00+00:00,買い,-0.0018701040695220494,2.0,損切,EUR/JPY
2026-05-14 05:15:00+00:00,2026-05-14 13:30:00+00:00,買い,-0.0025890854872284816,8.25,損切,EUR/JPY
2026-05-14 13:30:00+00:00,2026-05-14 13:45:00+00:00,売り,-0.00013261008739263715,0.25,利確,EUR/JPY
2026-05-14 16:00:00+00:00,2026-05-14 23:45:00+00:00,売り,-1.51617303757448e-06,7.75,利確,EUR/JPY
2026-05-15 03:15:00+00:00,2026-05-15 05:45:00+00:00,売り,0.0008389684213793048,2.5,利確,EUR/JPY
2026-05-15 11:30:00+00:00,2026-05-18 21:00:00+00:00,売り,-0.002873044329505758,81.5,利確,EUR/JPY
2026-05-18 21:30:00+00:00,2026-05-19 12:30:00+00:00,買い,-0.002747101668460161,15.0,損切,EUR/JPY
2026-05-19 16:00:00+00:00,2026-05-20 00:45:00+00:00,売り,-0.0011147682395096336,8.75,利確,EUR/JPY
2026-05-20 06:30:00+00:00,2026-05-20 08:15:00+00:00,売り,0.00048711079572526526,1.75,利確,EUR/JPY
2026-05-20 09:30:00+00:00,2026-05-20 21:00:00+00:00,売り,-0.0012038425180531775,11.5,利確,EUR/JPY
2026-05-21 14:15:00+00:00,2026-05-22 02:45:00+00:00,売り,-0.000878181641551079,12.5,利確,EUR/JPY
2026-05-22 11:00:00+00:00,2026-05-22 20:30:00+00:00,売り,-0.0006706826319713532,9.5,利確,EUR/JPY
2026-05-25 00:15:00+00:00,2026-05-25 08:30:00+00:00,買い,0.00044613461998131997,8.25,利確,EUR/JPY
2026-05-25 14:30:00+00:00,2026-05-26 06:15:00+00:00,買い,-0.00019736677368921142,15.75,利確,EUR/JPY
2026-05-26 06:45:00+00:00,2026-05-27 00:45:00+00:00,買い,0.0014999250145826149,18.0,利確,EUR/JPY
2026-05-27 02:45:00+00:00,2026-05-27 12:30:00+00:00,買い,0.0024119928974310925,9.75,利確,EUR/JPY
2026-05-27 14:00:00+00:00,2026-05-28 03:45:00+00:00,買い,-0.003538475593934176,13.75,損切,EUR/JPY
2026-05-28 13:00:00+00:00,2026-05-28 22:00:00+00:00,買い,0.0006873357441823269,9.0,利確,EUR/JPY
2026-05-29 06:30:00+00:00,2026-05-29 14:45:00+00:00,買い,0.0009919447000345972,8.25,利確,EUR/JPY
2026-05-31 23:00:00+00:00,2026-06-01 05:00:00+00:00,買い,0.00011440021890906102,6.0,利確,EUR/JPY
2026-06-01 12:15:00+00:00,2026-06-01 13:45:00+00:00,買い,-0.0020104205308789755,1.5,損切,EUR/JPY
2026-06-01 19:45:00+00:00,2026-06-02 03:45:00+00:00,買い,0.00034929364640133863,8.0,利確,EUR/JPY
2026-06-02 09:30:00+00:00,2026-06-02 11:45:00+00:00,買い,0.0007388988093022131,2.25,利確,EUR/JPY
2026-06-02 14:00:00+00:00,2026-06-03 07:30:00+00:00,買い,-0.003021632714512623,17.5,損切,EUR/JPY
2026-06-04 12:00:00+00:00,2026-06-05 06:30:00+00:00,買い,-0.0008709220657187155,18.5,利確,EUR/JPY
2026-06-05 06:45:00+00:00,2026-06-05 07:00:00+00:00,買い,0.00019302302209588405,0.25,利確,EUR/JPY
2026-06-05 11:45:00+00:00,2026-06-05 12:30:00+00:00,買い,-0.0016219305172672338,0.75,損切,EUR/JPY
2026-06-07 23:00:00+00:00,2026-06-08 05:45:00+00:00,売り,8.191064009087654e-05,6.75,利確,EUR/JPY
2026-06-09 00:00:00+00:00,2026-06-09 15:30:00+00:00,売り,-0.0027290178086010306,15.5,利確,EUR/JPY
2026-06-11 14:30:00+00:00,2026-06-12 20:45:00+00:00,売り,-0.002316440677216491,30.25,利確,EUR/JPY
2026-06-14 23:00:00+00:00,2026-06-15 05:00:00+00:00,買い,0.0016982480264682188,6.0,利確,EUR/JPY
2026-06-15 07:30:00+00:00,2026-06-16 07:00:00+00:00,買い,-0.0002866625185180659,23.5,利確,EUR/JPY
2026-06-16 08:15:00+00:00,2026-06-17 18:00:00+00:00,買い,-0.0028743285884287426,33.75,損切,EUR/JPY
2026-06-18 08:00:00+00:00,2026-06-18 09:00:00+00:00,売り,0.0021860505750915696,1.0,利確,EUR/JPY
2026-06-18 14:00:00+00:00,2026-06-18 15:45:00+00:00,売り,-0.0019095674574849508,1.75,損切,EUR/JPY
2026-06-19 00:15:00+00:00,2026-06-19 00:30:00+00:00,売り,0.00042903644610602375,0.25,利確,EUR/JPY
2026-06-22 15:00:00+00:00,2026-06-23 03:15:00+00:00,売り,-0.00014775549250357613,12.25,利確,EUR/JPY
2026-06-23 03:30:00+00:00,2026-06-23 07:00:00+00:00,売り,0.00046217476201458894,3.5,利確,EUR/JPY
2026-06-23 07:30:00+00:00,2026-06-23 07:45:00+00:00,売り,0.0004721095284713096,0.25,利確,EUR/JPY
2026-06-23 20:15:00+00:00,2026-06-23 21:00:00+00:00,売り,0.0004225228547431904,0.75,利確,EUR/JPY
2026-06-23 22:30:00+00:00,2026-06-24 01:15:00+00:00,売り,0.0005727643560788809,2.75,利確,EUR/JPY
2026-06-24 06:45:00+00:00,2026-06-24 15:15:00+00:00,売り,-0.00014570825069438732,8.5,損切,EUR/JPY
2026-06-25 11:30:00+00:00,2026-06-25 15:15:00+00:00,売り,-0.0027348540837184407,3.75,損切,EUR/JPY
2026-06-26 01:30:00+00:00,2026-06-26 01:45:00+00:00,売り,0.0002591757981434851,0.25,利確,EUR/JPY
2026-06-26 05:45:00+00:00,2026-06-26 08:15:00+00:00,売り,-0.002321117535561534,2.5,損切,EUR/JPY
2026-06-30 09:45:00+00:00,2026-06-30 12:30:00+00:00,買い,-0.0015638611483245301,2.75,損切,EUR/JPY
2026-06-30 21:00:00+00:00,2026-07-01 12:30:00+00:00,買い,-0.0037414694942137336,15.5,損切,EUR/JPY
2026-07-02 20:45:00+00:00,2026-07-02 21:00:00+00:00,売り,0.00035150423870132795,0.25,利確,EUR/JPY
2026-07-02 21:45:00+00:00,2026-07-03 06:30:00+00:00,売り,-0.0004594156896193912,8.75,利確,EUR/JPY
2026-07-03 07:45:00+00:00,2026-07-03 20:30:00+00:00,売り,-0.0017989961551581168,12.75,利確,EUR/JPY
2026-04-14 08:15:00+00:00,2026-04-14 11:00:00+00:00,買い,0.0005961736644790494,2.75,利確,GBP/JPY
2026-04-14 19:15:00+00:00,2026-04-14 22:00:00+00:00,買い,0.00023922511885142726,2.75,利確,GBP/JPY
2026-04-14 22:00:00+00:00,2026-04-15 08:00:00+00:00,買い,-0.0006540283041980399,10.0,損切,GBP/JPY
2026-04-15 13:00:00+00:00,2026-04-15 21:30:00+00:00,買い,-0.001300666993196875,8.5,損切,GBP/JPY
2026-04-17 02:15:00+00:00,2026-04-17 13:15:00+00:00,買い,-0.002205777146494514,11.0,損切,GBP/JPY
2026-04-21 12:15:00+00:00,2026-04-21 14:30:00+00:00,買い,0.001033252068144186,2.25,利確,GBP/JPY
2026-04-21 17:30:00+00:00,2026-04-22 11:30:00+00:00,買い,-0.0008956879741806145,18.0,損切,GBP/JPY
2026-04-22 16:15:00+00:00,2026-04-23 08:30:00+00:00,買い,0.001153678950862369,16.25,利確,GBP/JPY
2026-04-23 11:15:00+00:00,2026-04-23 12:45:00+00:00,買い,-0.0017716844930121378,1.5,損切,GBP/JPY
2026-04-23 13:45:00+00:00,2026-04-24 07:45:00+00:00,買い,-0.0008936155273493562,18.0,利確,GBP/JPY
2026-04-24 10:15:00+00:00,2026-04-27 12:00:00+00:00,買い,0.002575204157529976,73.75,利確,GBP/JPY
2026-04-27 13:00:00+00:00,2026-04-27 23:15:00+00:00,買い,0.00010668838419735102,10.25,利確,GBP/JPY
2026-04-27 23:15:00+00:00,2026-04-28 03:00:00+00:00,買い,-0.0017963159500271719,3.75,損切,GBP/JPY
2026-04-28 19:00:00+00:00,2026-04-29 14:45:00+00:00,買い,0.0019030018710657238,19.75,利確,GBP/JPY
2026-04-29 19:00:00+00:00,2026-04-30 07:45:00+00:00,買い,-0.0009172338948064795,12.75,損切,GBP/JPY
2026-04-30 12:00:00+00:00,2026-04-30 14:45:00+00:00,売り,-0.006123984474252675,2.75,損切,GBP/JPY
2026-04-30 16:00:00+00:00,2026-04-30 16:15:00+00:00,売り,-9.52626722620197e-05,0.25,損切,GBP/JPY
2026-04-30 16:30:00+00:00,2026-04-30 16:45:00+00:00,売り,-9.526412036598977e-05,0.25,損切,GBP/JPY
2026-05-01 07:00:00+00:00,2026-05-01 12:00:00+00:00,売り,-0.0025763046158453593,5.0,損切,GBP/JPY
2026-05-01 19:15:00+00:00,2026-05-04 04:30:00+00:00,売り,0.0017569048461481996,57.25,利確,GBP/JPY
2026-05-04 06:30:00+00:00,2026-05-04 07:30:00+00:00,売り,0.0017095244277964717,1.0,利確,GBP/JPY
2026-05-04 13:15:00+00:00,2026-05-04 18:45:00+00:00,売り,0.0030315895365220394,5.5,利確,GBP/JPY
2026-05-04 21:15:00+00:00,2026-05-05 08:00:00+00:00,売り,-0.0020255400476112515,10.75,損切,GBP/JPY
2026-05-06 06:00:00+00:00,2026-05-06 20:00:00+00:00,売り,-0.0002559275427178708,14.0,利確,GBP/JPY
2026-05-06 20:00:00+00:00,2026-05-06 21:00:00+00:00,売り,0.000605593714940611,1.0,利確,GBP/JPY
2026-05-06 22:30:00+00:00,2026-05-07 06:30:00+00:00,売り,0.00013492060306307128,8.0,利確,GBP/JPY
2026-05-07 20:15:00+00:00,2026-05-07 20:30:00+00:00,売り,0.000615269023318088,0.25,利確,GBP/JPY
2026-05-08 00:15:00+00:00,2026-05-08 08:30:00+00:00,売り,-0.0030531392220096818,8.25,損切,GBP/JPY
2026-05-12 13:00:00+00:00,2026-05-13 10:00:00+00:00,売り,0.0003198538991365686,21.0,利確,GBP/JPY
2026-05-14 11:15:00+00:00,2026-05-14 11:45:00+00:00,売り,0.0005586948213506138,0.5,利確,GBP/JPY
2026-05-14 11:45:00+00:00,2026-05-14 12:00:00+00:00,売り,2.9902108871982053e-05,0.25,利確,GBP/JPY
2026-05-14 12:15:00+00:00,2026-05-14 13:30:00+00:00,売り,0.001759076934610404,1.25,利確,GBP/JPY
2026-05-14 14:30:00+00:00,2026-05-15 00:30:00+00:00,売り,0.006103678042666416,10.0,利確,GBP/JPY
2026-05-15 12:00:00+00:00,2026-05-15 15:15:00+00:00,売り,0.0018176877099371658,3.25,利確,GBP/JPY
2026-05-17 23:15:00+00:00,2026-05-18 06:15:00+00:00,売り,-0.0024132278070332466,7.0,損切,GBP/JPY
2026-05-20 20:00:00+00:00,2026-05-21 01:00:00+00:00,買い,0.00013856204534888904,5.0,利確,GBP/JPY
2026-05-21 03:00:00+00:00,2026-05-22 13:00:00+00:00,買い,0.0018507514017216287,34.0,利確,GBP/JPY
2026-05-22 14:30:00+00:00,2026-05-24 23:00:00+00:00,買い,0.0021711177818133256,56.5,利確,GBP/JPY
2026-05-24 23:00:00+00:00,2026-05-26 06:15:00+00:00,買い,0.0008308199822088969,31.25,利確,GBP/JPY
2026-05-26 08:45:00+00:00,2026-05-26 15:15:00+00:00,買い,-0.0020032481472950334,6.5,損切,GBP/JPY
2026-05-27 06:00:00+00:00,2026-05-27 06:15:00+00:00,買い,0.00024317705634334673,0.25,利確,GBP/JPY
2026-05-27 06:30:00+00:00,2026-05-27 07:00:00+00:00,買い,0.00023698130676462768,0.5,利確,GBP/JPY
2026-05-27 08:00:00+00:00,2026-05-27 13:30:00+00:00,買い,0.0003394328324262009,5.5,利確,GBP/JPY
2026-05-29 15:00:00+00:00,2026-06-01 05:45:00+00:00,買い,0.0006821966333376728,62.75,利確,GBP/JPY
2026-06-01 07:45:00+00:00,2026-06-01 13:45:00+00:00,買い,-0.0015016216080185995,6.0,損切,GBP/JPY
2026-06-01 15:45:00+00:00,2026-06-02 11:45:00+00:00,買い,0.0024660147576720417,20.0,利確,GBP/JPY
2026-06-02 18:45:00+00:00,2026-06-03 07:30:00+00:00,買い,-0.00251402185284556,12.75,損切,GBP/JPY
2026-06-04 14:00:00+00:00,2026-06-05 06:30:00+00:00,買い,-0.0008620674896272606,16.5,利確,GBP/JPY
2026-06-05 08:00:00+00:00,2026-06-05 12:30:00+00:00,買い,-0.0008834032979341377,4.5,損切,GBP/JPY
2026-06-08 04:30:00+00:00,2026-06-08 05:45:00+00:00,売り,0.0011348585025189207,1.25,利確,GBP/JPY
2026-06-08 12:45:00+00:00,2026-06-08 13:15:00+00:00,売り,-0.0011417163127816043,0.5,損切,GBP/JPY
2026-06-08 14:45:00+00:00,2026-06-08 20:45:00+00:00,売り,-2.3724273975467196e-05,6.0,利確,GBP/JPY
2026-06-08 21:30:00+00:00,2026-06-09 08:30:00+00:00,売り,-0.003887847661058441,11.0,損切,GBP/JPY
2026-06-10 08:00:00+00:00,2026-06-10 22:00:00+00:00,買い,-0.0016112095888426547,14.0,損切,GBP/JPY
2026-06-11 03:30:00+00:00,2026-06-11 07:15:00+00:00,買い,0.0007188375380022705,3.75,利確,GBP/JPY
2026-06-12 00:00:00+00:00,2026-06-12 20:45:00+00:00,買い,-0.0010290262742464029,20.75,損切,GBP/JPY
2026-06-14 23:00:00+00:00,2026-06-15 05:00:00+00:00,買い,0.001074597982337211,6.0,利確,GBP/JPY
2026-06-15 06:45:00+00:00,2026-06-15 13:15:00+00:00,買い,-0.0003991330257225977,6.5,利確,GBP/JPY
2026-06-15 15:00:00+00:00,2026-06-16 03:00:00+00:00,買い,-0.00312794907180004,12.0,損切,GBP/JPY
2026-06-16 08:30:00+00:00,2026-06-17 06:30:00+00:00,買い,-0.0009562463434800272,22.0,損切,GBP/JPY
2026-06-18 05:00:00+00:00,2026-06-18 05:45:00+00:00,売り,0.0007647044555057936,0.75,利確,GBP/JPY
2026-06-18 07:00:00+00:00,2026-06-18 15:45:00+00:00,売り,0.0016944882305390708,8.75,損切,GBP/JPY
2026-06-18 18:00:00+00:00,2026-06-18 19:00:00+00:00,売り,-0.0017003450704473732,1.0,損切,GBP/JPY
2026-06-18 19:30:00+00:00,2026-06-19 00:30:00+00:00,売り,0.0015023732923704514,5.0,利確,GBP/JPY
2026-06-23 12:15:00+00:00,2026-06-23 14:30:00+00:00,売り,0.0007795046748765189,2.25,利確,GBP/JPY
2026-06-23 21:00:00+00:00,2026-06-24 02:45:00+00:00,売り,0.00031101321716618956,5.75,利確,GBP/JPY
2026-06-24 04:00:00+00:00,2026-06-24 10:15:00+00:00,売り,0.0016222116796978825,6.25,利確,GBP/JPY
2026-06-24 14:00:00+00:00,2026-06-24 21:00:00+00:00,売り,-0.00011346205760333064,7.0,利確,GBP/JPY
2026-06-24 21:15:00+00:00,2026-06-24 21:30:00+00:00,売り,0.0002791581927724552,0.25,利確,GBP/JPY
2026-06-24 22:15:00+00:00,2026-06-25 14:00:00+00:00,売り,-0.002986895628656072,15.75,損切,GBP/JPY
2026-06-29 16:00:00+00:00,2026-06-30 00:45:00+00:00,買い,0.0011392463464263592,8.75,利確,GBP/JPY
2026-06-30 00:45:00+00:00,2026-06-30 06:00:00+00:00,買い,6.314728627397911e-05,5.25,利確,GBP/JPY
2026-06-30 11:45:00+00:00,2026-06-30 12:30:00+00:00,買い,-0.0016585969281967094,0.75,損切,GBP/JPY
2026-06-30 13:30:00+00:00,2026-06-30 14:00:00+00:00,買い,0.0011308097582029997,0.5,利確,GBP/JPY
2026-06-30 21:30:00+00:00,2026-07-01 13:00:00+00:00,買い,-0.0015820930280310396,15.5,損切,GBP/JPY
2026-07-01 13:30:00+00:00,2026-07-02 06:45:00+00:00,買い,-0.00021249265240331762,17.25,損切,GBP/JPY
2026-07-03 05:30:00+00:00,2026-07-03 06:30:00+00:00,買い,-0.0018843877019635413,1.0,損切,GBP/JPY
2026-07-03 15:45:00+00:00,2026-07-03 21:15:00+00:00,買い,-9.53964062506806e-05,5.5,強制,GBP/JPY
2026-04-14 09:45:00+00:00,2026-04-15 02:45:00+00:00,買い,0.0027207483447397765,17.0,利確,AUD/JPY
2026-04-15 09:45:00+00:00,2026-04-16 02:15:00+00:00,買い,0.00486019128702474,16.5,利確,AUD/JPY
2026-04-16 03:15:00+00:00,2026-04-16 14:00:00+00:00,買い,0.0024531618725500584,10.75,利確,AUD/JPY
2026-04-16 15:00:00+00:00,2026-04-17 01:00:00+00:00,買い,0.0002950773189649315,10.0,利確,AUD/JPY
2026-04-17 01:00:00+00:00,2026-04-17 14:00:00+00:00,買い,-0.002290050328965909,13.0,損切,AUD/JPY
2026-04-20 20:00:00+00:00,2026-04-22 03:30:00+00:00,買い,0.0005059413240966371,31.5,利確,AUD/JPY
2026-04-22 04:30:00+00:00,2026-04-22 05:15:00+00:00,買い,0.00065909709129518,0.75,利確,AUD/JPY
2026-04-22 07:00:00+00:00,2026-04-23 17:30:00+00:00,買い,-0.003270554818005766,34.5,損切,AUD/JPY
2026-04-27 01:00:00+00:00,2026-04-27 01:15:00+00:00,買い,0.0005255854205561295,0.25,利確,AUD/JPY
2026-04-27 05:30:00+00:00,2026-04-27 08:15:00+00:00,買い,0.0016163532267239212,2.75,利確,AUD/JPY
2026-04-27 20:30:00+00:00,2026-04-28 00:45:00+00:00,買い,0.0011460490478538588,4.25,利確,AUD/JPY
2026-04-28 01:30:00+00:00,2026-04-28 03:00:00+00:00,買い,-0.0030474728333184206,1.5,損切,AUD/JPY
2026-04-28 15:15:00+00:00,2026-04-29 07:15:00+00:00,買い,-0.000873823776167415,16.0,利確,AUD/JPY
2026-04-29 13:00:00+00:00,2026-04-29 18:30:00+00:00,買い,-0.005065956969278707,5.5,損切,AUD/JPY
2026-04-30 12:00:00+00:00,2026-04-30 14:45:00+00:00,売り,-0.007739000070564839,2.75,損切,AUD/JPY
2026-04-30 15:45:00+00:00,2026-04-30 23:45:00+00:00,売り,-0.004848631459493558,8.0,損切,AUD/JPY
2026-05-01 07:00:00+00:00,2026-05-01 14:00:00+00:00,売り,-0.003902286832366164,7.0,損切,AUD/JPY
2026-05-04 07:30:00+00:00,2026-05-04 10:00:00+00:00,売り,0.0009170350366446312,2.5,利確,AUD/JPY
2026-05-04 10:00:00+00:00,2026-05-04 15:15:00+00:00,売り,-0.00018394208433615268,5.25,利確,AUD/JPY
2026-05-05 00:15:00+00:00,2026-05-05 01:15:00+00:00,売り,0.0008654288650688958,1.0,利確,AUD/JPY
2026-05-05 04:45:00+00:00,2026-05-05 05:30:00+00:00,売り,0.0020829666333389454,0.75,利確,AUD/JPY
2026-05-07 23:00:00+00:00,2026-05-11 20:00:00+00:00,売り,-0.007862136125053942,93.0,利確,AUD/JPY
2026-05-11 22:00:00+00:00,2026-05-12 05:45:00+00:00,買い,-0.0027165825138448893,7.75,損切,AUD/JPY
2026-05-12 14:00:00+00:00,2026-05-13 01:45:00+00:00,買い,0.002466830267318743,11.75,利確,AUD/JPY
2026-05-13 04:45:00+00:00,2026-05-13 14:15:00+00:00,買い,0.003362357996115717,9.5,利確,AUD/JPY
2026-05-13 18:45:00+00:00,2026-05-14 13:30:00+00:00,買い,-0.00482914007699643,18.75,損切,AUD/JPY
2026-05-14 23:00:00+00:00,2026-05-15 01:45:00+00:00,買い,-0.0038236756504072098,2.75,損切,AUD/JPY
2026-05-18 05:00:00+00:00,2026-05-18 21:00:00+00:00,売り,-0.002317732354320878,16.0,利確,AUD/JPY
2026-05-19 03:45:00+00:00,2026-05-19 08:00:00+00:00,売り,0.002334735411183775,4.25,利確,AUD/JPY
2026-05-19 11:45:00+00:00,2026-05-19 12:30:00+00:00,売り,0.0012912453457204376,0.75,利確,AUD/JPY
2026-05-19 12:30:00+00:00,2026-05-19 13:15:00+00:00,売り,0.000579940212345409,0.75,利確,AUD/JPY
2026-05-19 17:30:00+00:00,2026-05-20 00:00:00+00:00,売り,4.383030771036864e-05,6.5,利確,AUD/JPY
2026-05-20 02:15:00+00:00,2026-05-20 14:45:00+00:00,売り,-0.006819926717587033,12.5,損切,AUD/JPY
2026-05-21 06:30:00+00:00,2026-05-21 17:30:00+00:00,売り,-0.0066432649865488915,11.0,損切,AUD/JPY
2026-05-25 08:30:00+00:00,2026-05-25 14:45:00+00:00,買い,0.001527181895930141,6.25,利確,AUD/JPY
2026-05-25 16:30:00+00:00,2026-05-26 13:15:00+00:00,買い,0.0020826586324522614,20.75,利確,AUD/JPY
2026-05-26 16:15:00+00:00,2026-05-27 00:45:00+00:00,買い,0.001374973015852976,8.5,利確,AUD/JPY
2026-05-28 19:00:00+00:00,2026-05-29 12:00:00+00:00,買い,0.0015954771487864839,17.0,利確,AUD/JPY
2026-05-29 18:00:00+00:00,2026-06-01 00:45:00+00:00,買い,0.0011986148686413567,54.75,利確,AUD/JPY
2026-06-01 04:00:00+00:00,2026-06-01 13:00:00+00:00,買い,-0.003919495758135894,9.0,損切,AUD/JPY
2026-06-01 23:45:00+00:00,2026-06-02 06:30:00+00:00,買い,0.002240822532117981,6.75,利確,AUD/JPY
2026-06-02 14:00:00+00:00,2026-06-02 14:30:00+00:00,買い,0.0008761548792248664,0.5,利確,AUD/JPY
2026-06-02 18:15:00+00:00,2026-06-03 08:30:00+00:00,買い,-0.004870463762619137,14.25,損切,AUD/JPY
2026-06-05 14:00:00+00:00,2026-06-08 01:00:00+00:00,売り,0.0007562469281935269,59.0,損切,AUD/JPY
2026-06-08 01:15:00+00:00,2026-06-08 05:45:00+00:00,売り,0.00117866908090557,4.5,利確,AUD/JPY
2026-06-08 07:45:00+00:00,2026-06-08 08:45:00+00:00,売り,0.0020670906203830055,1.0,利確,AUD/JPY
2026-06-08 14:15:00+00:00,2026-06-08 21:00:00+00:00,売り,0.0014404018778112371,6.75,利確,AUD/JPY
2026-06-08 23:15:00+00:00,2026-06-09 14:15:00+00:00,売り,0.0002870123783535906,15.0,利確,AUD/JPY
2026-06-09 14:30:00+00:00,2026-06-09 14:45:00+00:00,売り,0.00028781129946008353,0.25,利確,AUD/JPY
2026-06-09 19:00:00+00:00,2026-06-10 05:15:00+00:00,売り,0.0025705168905831746,10.25,利確,AUD/JPY
2026-06-10 06:45:00+00:00,2026-06-10 11:00:00+00:00,売り,0.001778197462838571,4.25,利確,AUD/JPY
2026-06-10 11:00:00+00:00,2026-06-10 13:30:00+00:00,売り,-0.002776836750778566,2.5,損切,AUD/JPY
2026-06-10 19:00:00+00:00,2026-06-11 12:15:00+00:00,売り,0.0023018666707051885,17.25,利確,AUD/JPY
2026-06-11 16:45:00+00:00,2026-06-11 17:30:00+00:00,売り,-0.003060924186629521,0.75,損切,AUD/JPY
2026-06-17 14:15:00+00:00,2026-06-17 18:00:00+00:00,買い,-0.003092058136824571,3.75,損切,AUD/JPY
2026-06-17 19:00:00+00:00,2026-06-17 19:15:00+00:00,売り,0.0022088197447933558,0.25,利確,AUD/JPY
2026-06-18 08:30:00+00:00,2026-06-18 08:45:00+00:00,売り,0.0006940510382313803,0.25,利確,AUD/JPY
2026-06-19 01:00:00+00:00,2026-06-19 20:00:00+00:00,売り,-0.0009472196345272743,19.0,利確,AUD/JPY
2026-06-19 20:45:00+00:00,2026-06-22 08:00:00+00:00,売り,-0.0013069881688849816,59.25,利確,AUD/JPY
2026-06-22 12:00:00+00:00,2026-06-22 14:30:00+00:00,買い,-0.0034782410609510814,2.5,損切,AUD/JPY
2026-06-23 00:00:00+00:00,2026-06-23 00:15:00+00:00,売り,0.00022608483377682963,0.25,利確,AUD/JPY
2026-06-23 22:15:00+00:00,2026-06-24 02:45:00+00:00,売り,0.0016668458386898011,4.5,利確,AUD/JPY
2026-06-24 07:00:00+00:00,2026-06-25 21:00:00+00:00,売り,-0.0007528320777545727,38.0,利確,AUD/JPY
2026-06-26 00:15:00+00:00,2026-06-26 01:45:00+00:00,売り,0.001467329237217807,1.5,利確,AUD/JPY
2026-06-26 07:30:00+00:00,2026-06-26 20:45:00+00:00,売り,-0.00022656110767261807,13.25,利確,AUD/JPY
2026-06-28 23:30:00+00:00,2026-06-29 00:00:00+00:00,売り,0.0012576747729724392,0.5,利確,AUD/JPY
2026-06-29 00:00:00+00:00,2026-06-29 00:15:00+00:00,売り,0.0002765281879882787,0.25,利確,AUD/JPY
2026-06-29 03:45:00+00:00,2026-06-29 13:45:00+00:00,売り,-0.0009760197118762303,10.0,利確,AUD/JPY
2026-06-29 14:30:00+00:00,2026-06-29 20:45:00+00:00,売り,-0.0004120480650553592,6.25,利確,AUD/JPY
2026-06-29 20:45:00+00:00,2026-06-29 21:00:00+00:00,売り,0.00035301390807628295,0.25,利確,AUD/JPY
2026-06-29 22:30:00+00:00,2026-06-30 00:00:00+00:00,売り,0.00152507295751102,1.5,利確,AUD/JPY
2026-06-30 01:45:00+00:00,2026-06-30 14:00:00+00:00,売り,-0.006577076277099814,12.25,損切,AUD/JPY
2026-07-02 07:00:00+00:00,2026-07-02 12:30:00+00:00,売り,-0.0014668935330617416,5.5,損切,AUD/JPY
2026-07-02 15:15:00+00:00,2026-07-02 21:00:00+00:00,売り,0.0015559220393740359,5.75,利確,AUD/JPY
2026-07-02 21:30:00+00:00,2026-07-03 06:30:00+00:00,売り,-0.002473227814562506,9.0,利確,AUD/JPY
2026-04-13 23:15:00+00:00,2026-04-14 06:45:00+00:00,買い,0.0009223591040876556,7.5,利確,EUR/USD
2026-04-14 17:15:00+00:00,2026-04-14 23:30:00+00:00,買い,5.002765330208798e-06,6.25,利確,EUR/USD
2026-04-15 14:30:00+00:00,2026-04-16 02:30:00+00:00,買い,0.0015150256160796239,12.0,利確,EUR/USD
2026-04-17 09:00:00+00:00,2026-04-17 12:30:00+00:00,買い,0.0016624998707868044,3.5,利確,EUR/USD
2026-04-20 23:00:00+00:00,2026-04-21 17:00:00+00:00,買い,-0.005353862983340296,18.0,損切,EUR/USD
2026-04-23 04:00:00+00:00,2026-04-23 09:30:00+00:00,売り,0.0004448540995882656,5.5,利確,EUR/USD
2026-04-23 12:15:00+00:00,2026-04-26 23:00:00+00:00,売り,-0.001739512077942884,82.75,利確,EUR/USD
2026-04-28 06:00:00+00:00,2026-04-28 06:45:00+00:00,売り,0.0010271242562483907,0.75,利確,EUR/USD
2026-04-28 08:30:00+00:00,2026-04-29 01:00:00+00:00,売り,-0.0007894447987431108,16.5,利確,EUR/USD
2026-04-29 04:15:00+00:00,2026-04-29 13:15:00+00:00,売り,0.0011594663521198201,9.0,利確,EUR/USD
2026-04-29 15:00:00+00:00,2026-04-30 11:00:00+00:00,売り,-0.001858080573377674,20.0,損切,EUR/USD
2026-05-01 12:00:00+00:00,2026-05-01 18:15:00+00:00,買い,-0.0033649242320611503,6.25,損切,EUR/USD
2026-05-04 13:15:00+00:00,2026-05-05 01:15:00+00:00,売り,0.002172821487810384,12.0,利確,EUR/USD
2026-05-05 02:45:00+00:00,2026-05-05 21:00:00+00:00,売り,-0.0002466736044151151,18.25,利確,EUR/USD
2026-05-05 21:30:00+00:00,2026-05-05 21:45:00+00:00,売り,0.00021886991929463982,0.25,利確,EUR/USD
2026-05-06 09:15:00+00:00,2026-05-07 00:15:00+00:00,買い,-0.001393347598330552,15.0,利確,EUR/USD
2026-05-07 01:00:00+00:00,2026-05-07 01:15:00+00:00,買い,0.00016315548150268598,0.25,利確,EUR/USD
2026-05-07 03:15:00+00:00,2026-05-07 07:00:00+00:00,買い,0.0007523377131908205,3.75,利確,EUR/USD
2026-05-07 07:00:00+00:00,2026-05-07 07:15:00+00:00,買い,1.770145865730441e-05,0.25,利確,EUR/USD
2026-05-07 11:30:00+00:00,2026-05-08 06:00:00+00:00,買い,-0.0020561568388034576,18.5,利確,EUR/USD
2026-05-08 08:00:00+00:00,2026-05-08 13:30:00+00:00,買い,0.0031693666215479757,5.5,利確,EUR/USD
2026-05-08 17:15:00+00:00,2026-05-11 13:00:00+00:00,買い,0.0006917185876986643,67.75,利確,EUR/USD
2026-05-11 17:30:00+00:00,2026-05-14 06:45:00+00:00,買い,-0.005029097747027989,61.25,利確,EUR/USD
2026-05-14 07:00:00+00:00,2026-05-14 08:00:00+00:00,売り,0.0005867721984304964,1.0,利確,EUR/USD
2026-05-15 11:30:00+00:00,2026-05-19 00:30:00+00:00,売り,-0.0010647359038289505,85.0,利確,EUR/USD
2026-05-19 03:30:00+00:00,2026-05-19 07:00:00+00:00,売り,0.0010529049265790458,3.5,利確,EUR/USD
2026-05-19 12:30:00+00:00,2026-05-19 13:30:00+00:00,売り,0.001318616637451131,1.0,利確,EUR/USD
2026-05-19 16:45:00+00:00,2026-05-19 21:00:00+00:00,売り,0.0005961362283154359,4.25,利確,EUR/USD
2026-05-19 21:30:00+00:00,2026-05-20 15:15:00+00:00,売り,-0.0023715852452090955,17.75,損切,EUR/USD
2026-05-21 07:15:00+00:00,2026-05-21 17:45:00+00:00,売り,-0.0025887915082931754,10.5,損切,EUR/USD
2026-05-22 06:30:00+00:00,2026-05-24 23:00:00+00:00,売り,-0.0032446259977310207,64.5,損切,EUR/USD
2026-05-27 21:00:00+00:00,2026-05-27 23:45:00+00:00,売り,0.0008267238749064432,2.75,利確,EUR/USD
2026-05-28 10:30:00+00:00,2026-05-28 14:15:00+00:00,売り,-0.004185446372698698,3.75,損切,EUR/USD
2026-05-29 15:00:00+00:00,2026-06-01 05:00:00+00:00,買い,-0.002137175142452274,62.0,利確,EUR/USD
2026-06-01 07:00:00+00:00,2026-06-01 13:45:00+00:00,買い,-0.004097984213453765,6.75,損切,EUR/USD
2026-06-02 12:00:00+00:00,2026-06-02 12:30:00+00:00,買い,0.00046399619831615234,0.5,利確,EUR/USD
2026-06-02 14:30:00+00:00,2026-06-03 21:00:00+00:00,買い,-0.003735842254257615,30.5,利確,EUR/USD
2026-06-03 21:15:00+00:00,2026-06-05 12:30:00+00:00,売り,-0.0015689781357648535,39.25,利確,EUR/USD
2026-06-05 13:15:00+00:00,2026-06-09 15:30:00+00:00,売り,0.002852592575607427,98.25,利確,EUR/USD
2026-06-09 17:45:00+00:00,2026-06-10 11:00:00+00:00,売り,0.0001422536598880587,17.25,利確,EUR/USD
2026-06-10 12:00:00+00:00,2026-06-11 17:30:00+00:00,売り,-0.0011557006627933685,29.5,損切,EUR/USD
2026-06-15 12:15:00+00:00,2026-06-16 15:45:00+00:00,買い,0.0005224891977610891,27.5,利確,EUR/USD
2026-06-16 18:45:00+00:00,2026-06-17 18:00:00+00:00,買い,-0.005414144729076653,23.25,損切,EUR/USD
2026-06-17 20:00:00+00:00,2026-06-19 01:45:00+00:00,売り,0.0031601472033150227,29.75,利確,EUR/USD
2026-06-22 03:00:00+00:00,2026-06-24 00:15:00+00:00,売り,0.007698290161464383,45.25,利確,EUR/USD
2026-06-24 06:15:00+00:00,2026-06-24 08:00:00+00:00,売り,0.0020524326773059156,1.75,利確,EUR/USD
2026-06-24 14:30:00+00:00,2026-06-25 07:15:00+00:00,売り,-0.0006262540826704854,16.75,利確,EUR/USD
2026-06-25 10:45:00+00:00,2026-06-25 15:15:00+00:00,売り,-0.003858728794116539,4.5,損切,EUR/USD
2026-06-26 00:00:00+00:00,2026-06-30 14:45:00+00:00,売り,-0.006098738079825428,110.75,損切,EUR/USD
2026-07-01 10:00:00+00:00,2026-07-01 12:00:00+00:00,売り,0.0006852277334149393,2.0,利確,EUR/USD
2026-07-01 15:00:00+00:00,2026-07-02 12:30:00+00:00,売り,-0.005047045301328945,21.5,損切,EUR/USD
2026-07-03 12:00:00+00:00,2026-07-03 21:15:00+00:00,買い,-0.0013585149835403487,9.25,強制,EUR/USD
2026-04-13 23:15:00+00:00,2026-04-14 07:00:00+00:00,買い,0.0012841017031435143,7.75,利確,GBP/USD
2026-04-14 17:15:00+00:00,2026-04-14 23:30:00+00:00,買い,0.00035618262569324664,6.25,利確,GBP/USD
2026-04-15 00:45:00+00:00,2026-04-16 03:00:00+00:00,買い,0.0012001435189661236,26.25,利確,GBP/USD
2026-04-16 06:00:00+00:00,2026-04-17 12:30:00+00:00,買い,-0.0022998266005295307,30.5,利確,GBP/USD
2026-04-17 14:00:00+00:00,2026-04-19 23:00:00+00:00,買い,-0.006328646803974725,57.0,損切,GBP/USD
2026-04-24 17:00:00+00:00,2026-04-28 11:45:00+00:00,買い,-0.0041634408787963985,90.75,損切,GBP/USD
2026-04-30 02:30:00+00:00,2026-04-30 10:30:00+00:00,売り,-0.003517084104673229,8.0,損切,GBP/USD
2026-04-30 14:15:00+00:00,2026-04-30 14:45:00+00:00,買い,0.0017964758126016612,0.5,利確,GBP/USD
2026-05-01 00:15:00+00:00,2026-05-01 12:15:00+00:00,買い,0.0030048932937907116,12.0,利確,GBP/USD
2026-05-01 15:00:00+00:00,2026-05-01 17:30:00+00:00,買い,-0.00280033903351774,2.5,損切,GBP/USD
2026-05-06 00:30:00+00:00,2026-05-06 04:30:00+00:00,買い,0.0005667479786386376,4.0,利確,GBP/USD
2026-05-06 12:15:00+00:00,2026-05-07 00:15:00+00:00,買い,-0.0015550890918210158,12.0,利確,GBP/USD
2026-05-07 01:30:00+00:00,2026-05-07 07:00:00+00:00,買い,0.0006723934747441152,5.5,利確,GBP/USD
2026-05-07 11:45:00+00:00,2026-05-07 17:15:00+00:00,買い,-0.0025796569523222177,5.5,損切,GBP/USD
2026-05-08 10:00:00+00:00,2026-05-10 23:00:00+00:00,買い,-0.002124951229856686,61.0,損切,GBP/USD
2026-05-11 09:15:00+00:00,2026-05-12 06:45:00+00:00,買い,-0.004441197960784249,21.5,損切,GBP/USD
2026-05-13 04:00:00+00:00,2026-05-14 13:30:00+00:00,売り,0.0028739463430612513,33.5,利確,GBP/USD
2026-05-15 08:00:00+00:00,2026-05-15 10:45:00+00:00,売り,-0.0023123950770138732,2.75,損切,GBP/USD
2026-05-15 11:45:00+00:00,2026-05-18 06:30:00+00:00,売り,0.0008109178628110559,66.75,損切,GBP/USD
2026-05-20 01:00:00+00:00,2026-05-20 14:15:00+00:00,売り,-0.0030767840335244154,13.25,損切,GBP/USD
2026-05-25 12:00:00+00:00,2026-05-26 15:15:00+00:00,買い,-0.0048745705282919995,27.25,損切,GBP/USD
2026-05-27 14:45:00+00:00,2026-05-27 21:00:00+00:00,売り,0.00047668431215252004,6.25,利確,GBP/USD
2026-05-27 22:15:00+00:00,2026-05-27 23:15:00+00:00,売り,0.0003043341901441844,1.0,利確,GBP/USD
2026-05-28 08:30:00+00:00,2026-05-28 14:00:00+00:00,売り,-0.0031467264471520926,5.5,損切,GBP/USD
2026-05-29 08:00:00+00:00,2026-05-29 14:45:00+00:00,売り,-0.0032528099992572665,6.75,損切,GBP/USD
2026-06-01 06:45:00+00:00,2026-06-01 13:30:00+00:00,買い,-0.003276247387828068,6.75,損切,GBP/USD
2026-06-01 18:15:00+00:00,2026-06-02 06:00:00+00:00,買い,0.0008141382743835802,11.75,利確,GBP/USD
2026-06-02 09:15:00+00:00,2026-06-03 23:00:00+00:00,買い,-0.0034109220832090445,37.75,利確,GBP/USD
2026-06-04 03:00:00+00:00,2026-06-05 10:15:00+00:00,売り,-0.004446123330862595,31.25,損切,GBP/USD
2026-06-05 13:30:00+00:00,2026-06-08 01:30:00+00:00,売り,0.005817644468596217,60.0,利確,GBP/USD
2026-06-08 03:00:00+00:00,2026-06-08 11:15:00+00:00,売り,-0.0020022419045215953,8.25,損切,GBP/USD
2026-06-08 19:30:00+00:00,2026-06-08 23:30:00+00:00,売り,0.0003237801047548562,4.0,利確,GBP/USD
2026-06-10 23:00:00+00:00,2026-06-11 08:45:00+00:00,売り,-0.0009412175473240247,9.75,利確,GBP/USD
2026-06-11 08:45:00+00:00,2026-06-11 09:00:00+00:00,売り,0.00029760710833391944,0.25,利確,GBP/USD
2026-06-15 00:00:00+00:00,2026-06-16 15:45:00+00:00,買い,-0.001697417130741019,39.75,利確,GBP/USD
2026-06-16 18:45:00+00:00,2026-06-17 18:00:00+00:00,買い,-0.005269948818057102,23.25,損切,GBP/USD
2026-06-17 19:00:00+00:00,2026-06-18 05:45:00+00:00,売り,-0.0001492997931327288,10.75,利確,GBP/USD
2026-06-18 06:45:00+00:00,2026-06-19 01:45:00+00:00,売り,0.00870975957760688,19.0,利確,GBP/USD
2026-06-19 06:30:00+00:00,2026-06-19 08:15:00+00:00,売り,-0.002422864711512329,1.75,損切,GBP/USD
2026-06-21 23:45:00+00:00,2026-06-22 10:00:00+00:00,売り,-0.0026822919903821793,10.25,損切,GBP/USD
2026-06-23 04:45:00+00:00,2026-06-24 01:00:00+00:00,売り,0.0031605908103927607,20.25,利確,GBP/USD
2026-06-24 01:00:00+00:00,2026-06-24 03:00:00+00:00,売り,0.00040216691903859357,2.0,利確,GBP/USD
2026-06-24 04:00:00+00:00,2026-06-25 14:00:00+00:00,売り,-0.0011404413747937547,34.0,損切,GBP/USD
2026-06-26 02:15:00+00:00,2026-06-26 12:45:00+00:00,売り,-0.0016871008605388149,10.5,利確,GBP/USD
2026-07-01 16:00:00+00:00,2026-07-02 01:45:00+00:00,買い,-0.00018026583428510924,9.75,利確,GBP/USD
2026-07-02 03:30:00+00:00,2026-07-02 06:45:00+00:00,買い,0.0017005164312222543,3.25,利確,GBP/USD
2026-07-02 10:45:00+00:00,2026-07-02 12:00:00+00:00,買い,-0.0021675918439748696,1.25,損切,GBP/USD
2026-07-02 12:30:00+00:00,2026-07-03 01:15:00+00:00,買い,-0.001362442357645499,12.75,利確,GBP/USD
2026-07-03 11:00:00+00:00,2026-07-03 21:15:00+00:00,買い,-0.0011012559410543798,10.25,強制,GBP/USD
2026-04-13 23:15:00+00:00,2026-04-14 07:00:00+00:00,買い,-0.0006920836789539142,7.75,利確,AUD/USD
2026-04-14 08:30:00+00:00,2026-04-15 14:15:00+00:00,買い,0.007555160712028763,29.75,利確,AUD/USD
2026-04-16 00:45:00+00:00,2026-04-16 02:00:00+00:00,買い,0.0004620647857711436,1.25,利確,AUD/USD
2026-04-16 06:45:00+00:00,2026-04-17 12:30:00+00:00,買い,-0.00023910233851199826,29.75,利確,AUD/USD
2026-04-20 16:00:00+00:00,2026-04-21 17:15:00+00:00,買い,-0.005971119148990634,25.25,損切,AUD/USD
2026-04-27 01:00:00+00:00,2026-04-27 01:15:00+00:00,買い,0.0004367104849123283,0.25,利確,AUD/USD
2026-04-27 07:00:00+00:00,2026-04-28 00:00:00+00:00,買い,0.0032374076085803674,17.0,利確,AUD/USD
2026-04-28 17:00:00+00:00,2026-05-05 22:45:00+00:00,買い,0.0020737494274223225,173.75,利確,AUD/USD
2026-05-05 22:45:00+00:00,2026-05-05 23:00:00+00:00,買い,0.0008493734311427637,0.25,利確,AUD/USD
2026-05-06 07:45:00+00:00,2026-05-06 08:45:00+00:00,買い,0.0027920245027910242,1.0,利確,AUD/USD
2026-05-06 14:30:00+00:00,2026-05-07 01:45:00+00:00,買い,0.0004824412966968229,11.25,利確,AUD/USD
2026-05-07 03:15:00+00:00,2026-05-07 07:00:00+00:00,買い,0.002603212314404624,3.75,利確,AUD/USD
2026-05-07 11:30:00+00:00,2026-05-13 01:45:00+00:00,買い,-0.0015540151550236358,134.25,利確,AUD/USD
2026-05-13 02:00:00+00:00,2026-05-13 10:00:00+00:00,買い,0.0001886868198705983,8.0,利確,AUD/USD
2026-05-13 13:00:00+00:00,2026-05-18 06:15:00+00:00,買い,-0.01424839002563728,113.25,利確,AUD/USD
2026-05-19 01:30:00+00:00,2026-05-19 13:00:00+00:00,売り,0.005392303426234968,11.5,利確,AUD/USD
2026-05-19 18:45:00+00:00,2026-05-20 00:00:00+00:00,売り,0.0008307861397943595,5.25,利確,AUD/USD
2026-05-20 02:30:00+00:00,2026-05-20 15:15:00+00:00,売り,-0.008846058232269815,12.75,損切,AUD/USD
2026-05-21 04:00:00+00:00,2026-05-21 17:30:00+00:00,売り,-0.0059833238036575255,13.5,損切,AUD/USD
2026-05-22 11:00:00+00:00,2026-05-25 07:15:00+00:00,売り,-0.00482319015617706,68.25,利確,AUD/USD
2026-05-27 07:00:00+00:00,2026-05-27 23:30:00+00:00,売り,0.001169170907721162,16.5,利確,AUD/USD
2026-05-28 08:00:00+00:00,2026-05-28 15:00:00+00:00,売り,-0.005757186604286935,7.0,損切,AUD/USD
2026-05-29 16:00:00+00:00,2026-06-01 13:45:00+00:00,買い,-0.006869004358802344,69.75,損切,AUD/USD
2026-06-02 07:00:00+00:00,2026-06-03 10:00:00+00:00,買い,-0.001065340026877537,27.0,利確,AUD/USD
2026-06-03 20:00:00+00:00,2026-06-05 00:00:00+00:00,売り,0.0005635877294162151,28.0,利確,AUD/USD
2026-06-05 03:30:00+00:00,2026-06-05 12:30:00+00:00,売り,-0.00010752097554435061,9.0,利確,AUD/USD
2026-06-05 13:00:00+00:00,2026-06-08 23:45:00+00:00,売り,0.009633181190509144,82.75,利確,AUD/USD
2026-06-09 03:00:00+00:00,2026-06-09 14:45:00+00:00,売り,0.001752825238497724,11.75,利確,AUD/USD
2026-06-09 18:30:00+00:00,2026-06-10 05:15:00+00:00,売り,0.003005148530360591,10.75,利確,AUD/USD
2026-06-10 06:15:00+00:00,2026-06-11 12:15:00+00:00,売り,0.004574389732210238,30.0,利確,AUD/USD
2026-06-11 16:45:00+00:00,2026-06-11 17:30:00+00:00,売り,-0.004875885967800653,0.75,損切,AUD/USD
2026-06-17 12:00:00+00:00,2026-06-17 18:00:00+00:00,売り,0.0013950372043924797,6.0,利確,AUD/USD
2026-06-17 19:00:00+00:00,2026-06-18 08:30:00+00:00,売り,0.0012307001274168728,13.5,利確,AUD/USD
2026-06-18 12:30:00+00:00,2026-06-21 23:00:00+00:00,売り,0.0008794406660966759,82.5,利確,AUD/USD
2026-06-21 23:00:00+00:00,2026-06-21 23:30:00+00:00,売り,0.00040386178750716494,0.5,利確,AUD/USD
2026-06-22 02:00:00+00:00,2026-06-23 00:00:00+00:00,売り,0.0026305289856197625,22.0,利確,AUD/USD
2026-06-23 10:15:00+00:00,2026-06-24 02:45:00+00:00,売り,0.006757306469800428,16.5,利確,AUD/USD
2026-06-24 06:15:00+00:00,2026-06-29 00:15:00+00:00,売り,0.003561270253137117,114.0,利確,AUD/USD
2026-06-29 02:30:00+00:00,2026-06-29 14:00:00+00:00,売り,0.001061041111900407,11.5,利確,AUD/USD
2026-06-29 16:45:00+00:00,2026-06-29 23:45:00+00:00,売り,0.0005758003106690502,7.0,利確,AUD/USD
2026-06-30 05:45:00+00:00,2026-06-30 14:45:00+00:00,売り,-0.007895230993907553,9.0,損切,AUD/USD
2026-07-01 13:00:00+00:00,2026-07-02 00:00:00+00:00,売り,-4.563502013732373e-06,11.0,利確,AUD/USD
2026-07-02 03:00:00+00:00,2026-07-02 12:30:00+00:00,売り,-0.006215861623738894,9.5,損切,AUD/USD
2026-04-14 11:00:00+00:00,2026-04-14 20:45:00+00:00,売り,0.0003027966833988206,9.75,利確,EUR/GBP
2026-04-14 23:00:00+00:00,2026-04-15 00:45:00+00:00,売り,0.00044391391942587576,1.75,利確,EUR/GBP
2026-04-15 03:30:00+00:00,2026-04-16 03:00:00+00:00,売り,-0.0008642452848557469,23.5,利確,EUR/GBP
2026-04-16 06:30:00+00:00,2026-04-16 13:30:00+00:00,売り,7.117131312593958e-05,7.0,利確,EUR/GBP
2026-04-16 13:30:00+00:00,2026-04-17 20:45:00+00:00,売り,-0.0009021075820408008,31.25,利確,EUR/GBP
2026-04-20 02:00:00+00:00,2026-04-20 19:45:00+00:00,買い,-9.015406741187384e-05,17.75,利確,EUR/GBP
2026-04-20 20:15:00+00:00,2026-04-21 08:00:00+00:00,買い,0.0011363645648065801,11.75,利確,EUR/GBP
2026-04-21 08:00:00+00:00,2026-04-23 00:15:00+00:00,買い,-0.005050300112227635,40.25,利確,EUR/GBP
2026-04-23 00:45:00+00:00,2026-04-23 08:30:00+00:00,売り,0.00026503035427803977,7.75,利確,EUR/GBP
2026-04-23 08:30:00+00:00,2026-04-23 08:45:00+00:00,売り,-1.815128821881498e-05,0.25,利確,EUR/GBP
2026-04-23 13:30:00+00:00,2026-04-23 21:00:00+00:00,売り,-0.0011253018165564676,7.5,利確,EUR/GBP
2026-04-24 08:15:00+00:00,2026-04-24 09:15:00+00:00,売り,0.0003396626092851852,1.0,利確,EUR/GBP
2026-04-24 14:15:00+00:00,2026-04-27 21:00:00+00:00,売り,0.0016667130714499323,78.75,利確,EUR/GBP
2026-04-27 23:30:00+00:00,2026-04-28 03:00:00+00:00,売り,0.0001173111078270784,3.5,利確,EUR/GBP
2026-04-28 06:00:00+00:00,2026-04-28 21:00:00+00:00,売り,-0.00037337093423529523,15.0,利確,EUR/GBP
2026-04-29 00:00:00+00:00,2026-04-29 21:00:00+00:00,売り,0.00046335584127764627,21.0,利確,EUR/GBP
2026-04-29 22:00:00+00:00,2026-04-30 12:15:00+00:00,売り,0.000622316642907006,14.25,利確,EUR/GBP
2026-04-30 12:15:00+00:00,2026-04-30 12:45:00+00:00,売り,0.0005886046760358199,0.5,利確,EUR/GBP
2026-05-01 03:00:00+00:00,2026-05-01 06:45:00+00:00,売り,0.0002232504639852918,3.75,利確,EUR/GBP
2026-05-01 13:15:00+00:00,2026-05-01 14:00:00+00:00,売り,0.0005014081399519088,0.75,利確,EUR/GBP
2026-05-05 07:00:00+00:00,2026-05-05 07:15:00+00:00,売り,0.00010674166849510289,0.25,利確,EUR/GBP
2026-05-05 11:45:00+00:00,2026-05-05 14:00:00+00:00,売り,0.00044338395830666465,2.25,利確,EUR/GBP
2026-05-05 21:30:00+00:00,2026-05-05 21:45:00+00:00,売り,0.00033887959843680325,0.25,利確,EUR/GBP
2026-05-06 07:45:00+00:00,2026-05-06 21:00:00+00:00,売り,-0.0009083509572662795,13.25,利確,EUR/GBP
2026-05-11 16:00:00+00:00,2026-05-12 08:00:00+00:00,売り,-0.007712467613040242,16.0,損切,EUR/GBP
2026-05-12 09:45:00+00:00,2026-05-13 10:00:00+00:00,買い,-0.0008229586446294567,24.25,利確,EUR/GBP
2026-05-13 12:00:00+00:00,2026-05-13 21:45:00+00:00,買い,-0.0010145144546924833,9.75,利確,EUR/GBP
2026-05-14 08:00:00+00:00,2026-05-14 16:00:00+00:00,買い,0.0008761001266319624,8.0,利確,EUR/GBP
2026-05-14 16:00:00+00:00,2026-05-14 16:15:00+00:00,買い,0.00044304869782573207,0.25,利確,EUR/GBP
2026-05-15 08:15:00+00:00,2026-05-15 15:15:00+00:00,買い,0.001122370245112847,7.0,利確,EUR/GBP
2026-05-15 21:00:00+00:00,2026-05-18 21:00:00+00:00,買い,-0.005164596515679254,72.0,利確,EUR/GBP
2026-05-20 12:00:00+00:00,2026-05-20 14:15:00+00:00,売り,0.0005115328257142449,2.25,利確,EUR/GBP
2026-05-20 20:45:00+00:00,2026-05-21 07:00:00+00:00,売り,0.00023949374418318357,10.25,利確,EUR/GBP
2026-05-21 09:45:00+00:00,2026-05-21 21:00:00+00:00,売り,0.0004827711165607985,11.25,利確,EUR/GBP
2026-05-21 21:30:00+00:00,2026-05-22 06:00:00+00:00,売り,-0.00020558854762465763,8.5,利確,EUR/GBP
2026-05-22 07:45:00+00:00,2026-05-22 08:00:00+00:00,売り,0.00019978792072538064,0.25,利確,EUR/GBP
2026-05-22 12:15:00+00:00,2026-05-22 13:00:00+00:00,売り,0.000802717531432784,0.75,利確,EUR/GBP
2026-05-22 14:30:00+00:00,2026-05-22 20:45:00+00:00,売り,0.0003849587289452728,6.25,利確,EUR/GBP
2026-05-24 23:00:00+00:00,2026-05-25 08:00:00+00:00,売り,0.000544525357866299,9.0,利確,EUR/GBP
2026-05-28 12:00:00+00:00,2026-05-29 06:30:00+00:00,買い,0.00012740184601932612,18.5,利確,EUR/GBP
2026-05-29 07:15:00+00:00,2026-06-01 06:45:00+00:00,買い,-0.001895186747472366,71.5,利確,EUR/GBP
2026-06-01 16:45:00+00:00,2026-06-01 21:00:00+00:00,売り,0.00013653750841101663,4.25,利確,EUR/GBP
2026-06-01 21:30:00+00:00,2026-06-02 06:15:00+00:00,売り,-0.000179178206398689,8.75,利確,EUR/GBP
2026-06-02 06:45:00+00:00,2026-06-02 15:15:00+00:00,売り,0.0009153469537105275,8.5,利確,EUR/GBP
2026-06-02 20:45:00+00:00,2026-06-02 21:00:00+00:00,売り,0.000493505083864465,0.25,利確,EUR/GBP
2026-06-02 21:45:00+00:00,2026-06-03 21:00:00+00:00,売り,-0.0007521555110838851,23.25,利確,EUR/GBP
2026-06-05 13:45:00+00:00,2026-06-08 07:00:00+00:00,売り,-0.0005646627031399398,65.25,利確,EUR/GBP
2026-06-08 08:45:00+00:00,2026-06-08 11:00:00+00:00,売り,0.0006478769215848446,2.25,利確,EUR/GBP
2026-06-09 05:00:00+00:00,2026-06-09 13:45:00+00:00,売り,0.0008960029798741221,8.75,利確,EUR/GBP
2026-06-09 15:30:00+00:00,2026-06-09 21:30:00+00:00,売り,0.0010492612297243631,6.0,利確,EUR/GBP
2026-06-09 22:00:00+00:00,2026-06-10 21:00:00+00:00,売り,0.00016130165201398992,23.0,利確,EUR/GBP
2026-06-11 06:30:00+00:00,2026-06-11 08:00:00+00:00,売り,0.0002052180632304724,1.5,利確,EUR/GBP
2026-06-11 18:00:00+00:00,2026-06-11 21:15:00+00:00,売り,0.0005727972173692364,3.25,利確,EUR/GBP
2026-06-11 21:45:00+00:00,2026-06-11 22:00:00+00:00,売り,0.000378355357226401,0.25,利確,EUR/GBP
2026-06-12 00:00:00+00:00,2026-06-12 06:00:00+00:00,売り,0.00026427673197447775,6.0,利確,EUR/GBP
2026-06-12 16:30:00+00:00,2026-06-12 20:45:00+00:00,売り,0.000345202036046477,4.25,利確,EUR/GBP
2026-06-12 20:45:00+00:00,2026-06-15 14:45:00+00:00,売り,-0.0011929535825365822,66.0,利確,EUR/GBP
2026-06-16 12:00:00+00:00,2026-06-16 21:00:00+00:00,買い,0.00033072992135040345,9.0,利確,EUR/GBP
2026-06-16 21:30:00+00:00,2026-06-17 06:00:00+00:00,買い,0.00043563566824643694,8.5,利確,EUR/GBP
2026-06-17 06:00:00+00:00,2026-06-17 06:15:00+00:00,買い,-4.083386788257251e-05,0.25,利確,EUR/GBP
2026-06-17 08:15:00+00:00,2026-06-17 13:45:00+00:00,買い,5.042303437051707e-05,5.5,利確,EUR/GBP
2026-06-17 13:45:00+00:00,2026-06-17 14:45:00+00:00,買い,0.00025294021780196695,1.0,利確,EUR/GBP
2026-06-17 17:15:00+00:00,2026-06-17 19:00:00+00:00,買い,0.0007638557138989089,1.75,利確,EUR/GBP
2026-06-17 21:30:00+00:00,2026-06-18 07:15:00+00:00,買い,0.00044582801903602097,9.75,利確,EUR/GBP
2026-06-18 11:00:00+00:00,2026-06-19 20:45:00+00:00,買い,0.0005075312254083531,33.75,利確,EUR/GBP
2026-06-21 23:00:00+00:00,2026-06-22 08:15:00+00:00,買い,-5.967498651472383e-05,9.25,利確,EUR/GBP
2026-06-23 04:00:00+00:00,2026-06-24 02:15:00+00:00,売り,0.0013298987808744056,22.25,利確,EUR/GBP
2026-06-24 06:00:00+00:00,2026-06-24 07:30:00+00:00,売り,0.0004661554395403057,1.5,利確,EUR/GBP
2026-06-24 12:45:00+00:00,2026-06-24 21:00:00+00:00,売り,-0.000838465826362944,8.25,利確,EUR/GBP
2026-06-25 05:45:00+00:00,2026-06-25 06:45:00+00:00,売り,0.000348301629134229,1.0,利確,EUR/GBP
2026-06-25 06:45:00+00:00,2026-06-25 07:00:00+00:00,売り,0.00016626619343139702,0.25,利確,EUR/GBP
2026-06-25 10:15:00+00:00,2026-06-25 13:15:00+00:00,売り,0.0006419364315219834,3.0,利確,EUR/GBP
2026-06-25 14:45:00+00:00,2026-06-25 21:00:00+00:00,売り,0.0004879009973083216,6.25,利確,EUR/GBP
2026-06-25 21:00:00+00:00,2026-06-29 11:15:00+00:00,売り,-0.0005016540918958534,86.25,利確,EUR/GBP
2026-06-29 16:00:00+00:00,2026-06-29 21:00:00+00:00,売り,0.0008574938425411794,5.0,利確,EUR/GBP
2026-06-29 21:45:00+00:00,2026-06-30 21:00:00+00:00,売り,0.0004903398806710313,23.25,利確,EUR/GBP
2026-06-30 23:30:00+00:00,2026-07-01 06:45:00+00:00,売り,0.00029659930203128636,7.25,利確,EUR/GBP
2026-07-01 06:45:00+00:00,2026-07-01 07:00:00+00:00,売り,8.94861234716938e-05,0.25,利確,EUR/GBP
2026-07-01 11:30:00+00:00,2026-07-01 14:30:00+00:00,売り,0.002837127012845986,3.0,利確,EUR/GBP
2026-07-02 00:30:00+00:00,2026-07-02 05:45:00+00:00,売り,0.0003856147766346686,5.25,利確,EUR/GBP
2026-07-02 13:15:00+00:00,2026-07-02 21:00:00+00:00,売り,-5.770041024178987e-05,7.75,利確,EUR/GBP
2026-07-02 23:45:00+00:00,2026-07-03 14:45:00+00:00,売り,-0.0003893456745078904,15.0,利確,EUR/GBP
2026-07-03 16:30:00+00:00,2026-07-03 20:00:00+00:00,売り,0.00017623800175091696,3.5,利確,EUR/GBP
2026-07-03 20:15:00+00:00,2026-07-03 20:45:00+00:00,売り,0.0002605435308527971,0.5,利確,EUR/GBP
2026-04-14 13:00:00+00:00,2026-04-15 02:00:00+00:00,売り,0.0002899861361933432,13.0,利確,EUR/AUD
2026-04-15 10:30:00+00:00,2026-04-15 14:15:00+00:00,売り,0.0011599920357133642,3.75,利確,EUR/AUD
2026-04-15 23:45:00+00:00,2026-04-16 01:45:00+00:00,売り,0.0005158727521498041,2.0,利確,EUR/AUD
2026-04-16 11:30:00+00:00,2026-04-16 13:15:00+00:00,売り,0.0005480411453499979,1.75,利確,EUR/AUD
2026-04-17 04:15:00+00:00,2026-04-17 05:15:00+00:00,売り,0.00023821532852684745,1.0,利確,EUR/AUD
2026-04-17 07:15:00+00:00,2026-04-17 08:00:00+00:00,売り,0.000818790456788221,0.75,利確,EUR/AUD
2026-04-17 12:45:00+00:00,2026-04-17 20:45:00+00:00,売り,0.0006855710542715721,8.0,利確,EUR/AUD
2026-04-20 14:15:00+00:00,2026-04-20 18:15:00+00:00,売り,0.00046671598332558305,4.0,利確,EUR/AUD
2026-04-20 22:30:00+00:00,2026-04-22 00:45:00+00:00,売り,0.0010611736895866808,26.25,利確,EUR/AUD
2026-04-22 03:00:00+00:00,2026-04-22 05:00:00+00:00,売り,0.000687846986548879,2.0,利確,EUR/AUD
2026-04-22 07:45:00+00:00,2026-04-22 13:15:00+00:00,売り,0.00020717062561025355,5.5,利確,EUR/AUD
2026-04-22 23:30:00+00:00,2026-04-23 00:15:00+00:00,売り,-0.0018628217951708436,0.75,損切,EUR/AUD
2026-04-23 00:15:00+00:00,2026-04-23 07:30:00+00:00,売り,-0.00019026518606614075,7.25,利確,EUR/AUD
2026-04-23 07:45:00+00:00,2026-04-23 17:30:00+00:00,売り,-0.0026603973395105227,9.75,損切,EUR/AUD
2026-04-27 01:00:00+00:00,2026-04-27 01:15:00+00:00,売り,0.0002661390794844621,0.25,利確,EUR/AUD
2026-04-27 06:15:00+00:00,2026-04-27 08:15:00+00:00,売り,0.0011450984221714644,2.0,利確,EUR/AUD
2026-04-27 23:15:00+00:00,2026-04-28 00:00:00+00:00,売り,0.0005598460610425238,0.75,利確,EUR/AUD
2026-04-28 01:30:00+00:00,2026-04-28 07:30:00+00:00,売り,0.0003825623346648156,6.0,利確,EUR/AUD
2026-04-28 07:30:00+00:00,2026-04-28 07:45:00+00:00,売り,0.0005188560950625143,0.25,利確,EUR/AUD
2026-04-28 08:15:00+00:00,2026-04-28 11:30:00+00:00,売り,-0.002353616488696375,3.25,損切,EUR/AUD
2026-04-28 17:15:00+00:00,2026-04-28 21:00:00+00:00,売り,0.0004913404990482984,3.75,利確,EUR/AUD
2026-04-28 23:30:00+00:00,2026-04-29 00:00:00+00:00,売り,0.00037871592162185284,0.5,利確,EUR/AUD
2026-04-30 16:30:00+00:00,2026-05-01 13:15:00+00:00,売り,0.000831671336829587,20.75,利確,EUR/AUD
2026-05-01 15:00:00+00:00,2026-05-04 15:45:00+00:00,売り,-0.0017610797628715535,72.75,損切,EUR/AUD
2026-05-05 14:15:00+00:00,2026-05-05 21:00:00+00:00,売り,0.0010353756463917674,6.75,利確,EUR/AUD
2026-05-05 21:45:00+00:00,2026-05-05 22:00:00+00:00,売り,0.00024164002893632973,0.25,利確,EUR/AUD
2026-05-05 22:30:00+00:00,2026-05-05 22:45:00+00:00,売り,0.0007511979903584876,0.25,利確,EUR/AUD
2026-05-06 08:45:00+00:00,2026-05-06 12:15:00+00:00,売り,-0.0031373665298424333,3.5,損切,EUR/AUD
2026-05-06 21:15:00+00:00,2026-05-07 02:30:00+00:00,売り,7.439867871105185e-05,5.25,利確,EUR/AUD
2026-05-07 02:30:00+00:00,2026-05-07 02:45:00+00:00,売り,2.713139682829499e-05,0.25,利確,EUR/AUD
2026-05-07 06:30:00+00:00,2026-05-08 02:15:00+00:00,売り,-0.0036603269643498246,19.75,利確,EUR/AUD
2026-05-11 14:30:00+00:00,2026-05-12 04:30:00+00:00,売り,-0.0007370185652433414,14.0,利確,EUR/AUD
2026-05-12 15:00:00+00:00,2026-05-13 14:00:00+00:00,売り,0.005476975493423064,23.0,利確,EUR/AUD
2026-05-13 18:45:00+00:00,2026-05-14 20:45:00+00:00,売り,-0.0013301834735839457,26.0,利確,EUR/AUD
2026-05-14 21:15:00+00:00,2026-05-15 01:15:00+00:00,売り,-0.0023142090977139704,4.0,損切,EUR/AUD
2026-05-19 01:00:00+00:00,2026-05-19 01:30:00+00:00,買い,0.0011475435695533665,0.5,利確,EUR/AUD
2026-05-19 07:45:00+00:00,2026-05-19 13:45:00+00:00,買い,0.0008703409729042711,6.0,利確,EUR/AUD
2026-05-19 20:15:00+00:00,2026-05-20 00:00:00+00:00,買い,0.0011205955430966142,3.75,利確,EUR/AUD
2026-05-20 02:30:00+00:00,2026-05-20 08:30:00+00:00,買い,-0.0030722778859436748,6.0,損切,EUR/AUD
2026-05-21 05:00:00+00:00,2026-05-21 11:15:00+00:00,買い,-0.002567520163860204,6.25,損切,EUR/AUD
2026-05-25 12:00:00+00:00,2026-05-25 13:15:00+00:00,売り,0.000335597782773689,1.25,利確,EUR/AUD
2026-05-25 22:00:00+00:00,2026-05-26 03:15:00+00:00,売り,0.00012655131419480058,5.25,利確,EUR/AUD
2026-05-26 03:30:00+00:00,2026-05-26 12:00:00+00:00,売り,-0.0005862330159220996,8.5,利確,EUR/AUD
2026-05-26 13:00:00+00:00,2026-05-26 20:00:00+00:00,売り,-5.500594555020158e-05,7.0,利確,EUR/AUD
2026-05-26 20:15:00+00:00,2026-05-26 20:45:00+00:00,売り,0.0003272821819772954,0.5,利確,EUR/AUD
2026-05-26 20:45:00+00:00,2026-05-26 21:00:00+00:00,売り,9.728557395548573e-05,0.25,利確,EUR/AUD
2026-05-26 23:30:00+00:00,2026-05-27 00:30:00+00:00,売り,0.000774666097672283,1.0,利確,EUR/AUD
2026-05-27 12:00:00+00:00,2026-05-28 00:30:00+00:00,買い,-0.0018774314339042974,12.5,利確,EUR/AUD
2026-05-28 01:15:00+00:00,2026-05-28 11:45:00+00:00,買い,0.0012648138911068752,10.5,利確,EUR/AUD
2026-05-29 13:45:00+00:00,2026-05-29 20:00:00+00:00,売り,-0.0014980153933512707,6.25,利確,EUR/AUD
2026-06-01 03:15:00+00:00,2026-06-01 13:00:00+00:00,売り,-0.003283032629377802,9.75,損切,EUR/AUD
2026-06-01 21:15:00+00:00,2026-06-02 06:30:00+00:00,売り,-0.0007223075124005551,9.25,利確,EUR/AUD
2026-06-02 07:00:00+00:00,2026-06-02 07:15:00+00:00,売り,0.0001541916659576371,0.25,利確,EUR/AUD
2026-06-02 14:00:00+00:00,2026-06-02 20:15:00+00:00,売り,0.0016675284621772036,6.25,利確,EUR/AUD
2026-06-02 22:45:00+00:00,2026-06-03 13:30:00+00:00,売り,-0.002883898572040755,14.75,損切,EUR/AUD
2026-06-04 12:00:00+00:00,2026-06-05 00:00:00+00:00,買い,0.0001405060410259896,12.0,利確,EUR/AUD
2026-06-05 00:15:00+00:00,2026-06-05 01:00:00+00:00,買い,0.0015226092781450596,0.75,利確,EUR/AUD
2026-06-05 03:30:00+00:00,2026-06-05 13:30:00+00:00,買い,0.0017931365037877512,10.0,利確,EUR/AUD
2026-06-07 23:00:00+00:00,2026-06-08 07:15:00+00:00,買い,-0.0023628765921585135,8.25,損切,EUR/AUD
2026-06-08 14:45:00+00:00,2026-06-08 23:45:00+00:00,買い,0.0017108894166657396,9.0,利確,EUR/AUD
2026-06-09 02:45:00+00:00,2026-06-09 13:30:00+00:00,買い,0.002629852027243185,10.75,利確,EUR/AUD
2026-06-09 18:30:00+00:00,2026-06-10 12:30:00+00:00,買い,0.0010669544738752701,18.0,損切,EUR/AUD
2026-06-10 16:45:00+00:00,2026-06-11 12:30:00+00:00,買い,0.0026191462369320353,19.75,利確,EUR/AUD
2026-06-11 14:00:00+00:00,2026-06-11 15:30:00+00:00,買い,-0.0025795941512566476,1.5,損切,EUR/AUD
2026-06-16 21:30:00+00:00,2026-06-17 02:45:00+00:00,買い,0.0006492788763547864,5.25,利確,EUR/AUD
2026-06-17 10:00:00+00:00,2026-06-17 14:00:00+00:00,買い,-0.0028944851514044576,4.0,損切,EUR/AUD
2026-06-18 16:30:00+00:00,2026-06-18 20:45:00+00:00,売り,0.0006065247528952323,4.25,利確,EUR/AUD
2026-06-18 22:30:00+00:00,2026-06-19 05:30:00+00:00,売り,0.0002481278337214011,7.0,利確,EUR/AUD
2026-06-19 05:30:00+00:00,2026-06-19 05:45:00+00:00,売り,0.0005803364290923763,0.25,利確,EUR/AUD
2026-06-19 07:30:00+00:00,2026-06-19 19:45:00+00:00,売り,-0.0014849059963462196,12.25,利確,EUR/AUD
2026-06-22 05:30:00+00:00,2026-06-22 12:00:00+00:00,売り,0.0006485697228447607,6.5,利確,EUR/AUD
2026-06-22 12:15:00+00:00,2026-06-22 13:00:00+00:00,売り,0.0011290495947426816,0.75,利確,EUR/AUD
2026-06-23 16:00:00+00:00,2026-06-24 09:15:00+00:00,買い,0.0019250573100306645,17.25,利確,EUR/AUD
2026-06-24 11:00:00+00:00,2026-06-24 21:30:00+00:00,買い,-0.0012206710015496669,10.5,損切,EUR/AUD
2026-06-24 22:45:00+00:00,2026-06-26 00:15:00+00:00,買い,0.0006760461639532145,25.5,利確,EUR/AUD
2026-06-26 00:15:00+00:00,2026-06-26 12:45:00+00:00,買い,0.004512257569497346,12.5,利確,EUR/AUD
2026-06-26 18:45:00+00:00,2026-06-26 20:30:00+00:00,買い,5.3541281327163044e-05,1.75,利確,EUR/AUD
2026-06-29 00:15:00+00:00,2026-06-29 07:00:00+00:00,買い,-0.00020346754615309094,6.75,利確,EUR/AUD
2026-06-29 09:30:00+00:00,2026-06-29 13:30:00+00:00,買い,0.0008903152853094621,4.0,利確,EUR/AUD
2026-06-29 19:45:00+00:00,2026-06-30 00:00:00+00:00,買い,0.0011305270847285942,4.25,利確,EUR/AUD
2026-06-30 01:45:00+00:00,2026-06-30 14:30:00+00:00,買い,-0.005277896725644282,12.75,損切,EUR/AUD
2026-07-01 07:30:00+00:00,2026-07-01 12:30:00+00:00,買い,-0.003413999160544645,5.0,損切,EUR/AUD
2026-07-02 11:45:00+00:00,2026-07-02 13:30:00+00:00,買い,-0.003225827985283269,1.75,損切,EUR/AUD
2026-04-14 17:15:00+00:00,2026-04-14 21:00:00+00:00,売り,-0.0020322979304183805,3.75,損切,GBP/AUD
2026-04-14 21:30:00+00:00,2026-04-15 14:00:00+00:00,売り,0.002785865756771855,16.5,利確,GBP/AUD
2026-04-15 23:45:00+00:00,2026-04-16 02:30:00+00:00,売り,0.0015748077233579294,2.75,利確,GBP/AUD
2026-04-16 06:30:00+00:00,2026-04-16 14:00:00+00:00,売り,0.0006214874737729859,7.5,利確,GBP/AUD
2026-04-16 15:30:00+00:00,2026-04-16 21:00:00+00:00,売り,0.00032145995189180053,5.5,利確,GBP/AUD
2026-04-16 23:15:00+00:00,2026-04-17 08:45:00+00:00,売り,0.0024125521684922216,9.5,利確,GBP/AUD
2026-04-17 10:30:00+00:00,2026-04-17 12:45:00+00:00,売り,0.0012524044085727604,2.25,利確,GBP/AUD
2026-04-17 16:15:00+00:00,2026-04-17 20:45:00+00:00,売り,0.00026763855762034226,4.5,利確,GBP/AUD
2026-04-17 20:45:00+00:00,2026-04-19 23:30:00+00:00,売り,-0.0022417958894669463,50.75,損切,GBP/AUD
2026-04-20 17:30:00+00:00,2026-04-20 20:45:00+00:00,売り,0.0015637508040430182,3.25,利確,GBP/AUD
2026-04-21 00:45:00+00:00,2026-04-21 01:30:00+00:00,売り,0.0006585806459309285,0.75,利確,GBP/AUD
2026-04-21 02:45:00+00:00,2026-04-21 06:00:00+00:00,売り,-0.0020520917644670897,3.25,損切,GBP/AUD
2026-04-21 14:15:00+00:00,2026-04-21 17:00:00+00:00,売り,-0.003255566700462131,2.75,損切,GBP/AUD
2026-04-22 02:15:00+00:00,2026-04-22 05:15:00+00:00,売り,0.00016185549347090832,3.0,利確,GBP/AUD
2026-04-22 05:15:00+00:00,2026-04-22 06:00:00+00:00,売り,0.0004037729552223036,0.75,利確,GBP/AUD
2026-04-22 08:00:00+00:00,2026-04-22 13:00:00+00:00,売り,-0.000412647416704781,5.0,利確,GBP/AUD
2026-04-22 14:45:00+00:00,2026-04-22 20:45:00+00:00,売り,0.0002921751530967521,6.0,利確,GBP/AUD
2026-04-23 00:15:00+00:00,2026-04-23 06:00:00+00:00,売り,9.330318557642112e-05,5.75,利確,GBP/AUD
2026-04-23 07:30:00+00:00,2026-04-23 10:15:00+00:00,売り,-0.0023262501553578227,2.75,損切,GBP/AUD
2026-04-23 18:00:00+00:00,2026-04-27 00:45:00+00:00,売り,-0.0018178156321613348,78.75,利確,GBP/AUD
2026-04-27 09:00:00+00:00,2026-04-27 13:00:00+00:00,売り,0.0005582390992286857,4.0,利確,GBP/AUD
2026-04-27 22:15:00+00:00,2026-04-28 00:00:00+00:00,売り,0.0004027566903520464,1.75,利確,GBP/AUD
2026-04-28 01:30:00+00:00,2026-04-28 07:45:00+00:00,売り,0.0003673295078160278,6.25,利確,GBP/AUD
2026-04-28 10:45:00+00:00,2026-04-28 21:00:00+00:00,売り,0.0005908794809398211,10.25,利確,GBP/AUD
2026-04-28 23:30:00+00:00,2026-04-29 01:30:00+00:00,売り,-0.0017682923918418525,2.0,損切,GBP/AUD
2026-05-01 08:00:00+00:00,2026-05-01 14:00:00+00:00,買い,-0.001409723478592706,6.0,損切,GBP/AUD
2026-05-01 17:00:00+00:00,2026-05-04 21:00:00+00:00,売り,-0.0008258482297622937,76.0,利確,GBP/AUD
2026-05-05 08:00:00+00:00,2026-05-05 10:30:00+00:00,買い,-0.0015999177360713878,2.5,損切,GBP/AUD
2026-05-05 17:00:00+00:00,2026-05-05 20:45:00+00:00,売り,0.0008915869150164402,3.75,利確,GBP/AUD
2026-05-05 21:15:00+00:00,2026-05-05 21:30:00+00:00,売り,-9.678925136259445e-05,0.25,利確,GBP/AUD
2026-05-05 21:45:00+00:00,2026-05-05 22:00:00+00:00,売り,-1.904149298516114e-05,0.25,利確,GBP/AUD
2026-05-06 08:45:00+00:00,2026-05-06 12:00:00+00:00,売り,-0.002174513651279641,3.25,損切,GBP/AUD
2026-05-06 19:15:00+00:00,2026-05-06 21:00:00+00:00,売り,0.000781608788586119,1.75,利確,GBP/AUD
2026-05-07 01:30:00+00:00,2026-05-07 03:30:00+00:00,売り,0.0002710917695705085,2.0,利確,GBP/AUD
2026-05-07 06:30:00+00:00,2026-05-07 13:00:00+00:00,売り,-0.0025418585239986966,6.5,損切,GBP/AUD
2026-05-11 05:00:00+00:00,2026-05-11 06:00:00+00:00,売り,0.0005687846790696117,1.0,利確,GBP/AUD
2026-05-11 07:45:00+00:00,2026-05-12 05:45:00+00:00,売り,0.000850299594338233,22.0,利確,GBP/AUD
2026-05-12 06:45:00+00:00,2026-05-12 07:00:00+00:00,売り,0.0011477284372302,0.25,利確,GBP/AUD
2026-05-12 17:15:00+00:00,2026-05-13 10:00:00+00:00,売り,0.00462157287913566,16.75,利確,GBP/AUD
2026-05-13 14:00:00+00:00,2026-05-14 01:00:00+00:00,売り,-0.001494768149523662,11.0,損切,GBP/AUD
2026-05-14 05:45:00+00:00,2026-05-14 13:30:00+00:00,売り,-0.00346037104515996,7.75,損切,GBP/AUD
2026-05-14 16:45:00+00:00,2026-05-14 23:00:00+00:00,売り,0.00400702227855042,6.25,利確,GBP/AUD
2026-05-15 00:00:00+00:00,2026-05-15 01:45:00+00:00,売り,-0.0019025228983358233,1.75,損切,GBP/AUD
2026-05-15 17:30:00+00:00,2026-05-17 23:45:00+00:00,売り,-0.0021376822169563267,54.25,損切,GBP/AUD
2026-05-19 14:30:00+00:00,2026-05-20 00:00:00+00:00,買い,-0.001569097617306514,9.5,利確,GBP/AUD
2026-05-20 02:30:00+00:00,2026-05-20 06:00:00+00:00,買い,-0.0018733713450772682,3.5,損切,GBP/AUD
2026-05-21 01:45:00+00:00,2026-05-21 02:00:00+00:00,買い,0.00046853879154949994,0.25,利確,GBP/AUD
2026-05-22 08:00:00+00:00,2026-05-22 20:15:00+00:00,買い,0.0014233521650668269,12.25,利確,GBP/AUD
2026-05-22 21:00:00+00:00,2026-05-25 02:15:00+00:00,買い,-0.0025700263349791694,53.25,損切,GBP/AUD
2026-05-25 11:15:00+00:00,2026-05-25 13:45:00+00:00,買い,0.00016711533370615826,2.5,利確,GBP/AUD
2026-05-25 19:30:00+00:00,2026-05-26 13:15:00+00:00,買い,-0.002640678185072087,17.75,損切,GBP/AUD
2026-05-27 11:00:00+00:00,2026-05-27 21:00:00+00:00,買い,-0.0032281727066491126,10.0,損切,GBP/AUD
2026-05-28 02:15:00+00:00,2026-05-28 14:15:00+00:00,買い,-0.0014513856659796986,12.0,損切,GBP/AUD
2026-05-29 08:00:00+00:00,2026-05-29 12:00:00+00:00,売り,0.0019435619606555821,4.0,利確,GBP/AUD
2026-05-29 20:30:00+00:00,2026-05-29 20:45:00+00:00,売り,0.0001900686006565012,0.25,利確,GBP/AUD
2026-06-01 00:00:00+00:00,2026-06-01 13:00:00+00:00,売り,-0.0037404452362981397,13.0,損切,GBP/AUD
2026-06-02 15:00:00+00:00,2026-06-02 20:30:00+00:00,売り,0.0004015536276630206,5.5,利確,GBP/AUD
2026-06-02 22:45:00+00:00,2026-06-03 10:00:00+00:00,売り,-0.00025684626441636595,11.25,利確,GBP/AUD
2026-06-03 20:00:00+00:00,2026-06-03 21:00:00+00:00,買い,-0.0020555303634759545,1.0,損切,GBP/AUD
2026-06-03 21:30:00+00:00,2026-06-04 21:30:00+00:00,買い,0.0004801341317657194,24.0,利確,GBP/AUD
2026-06-05 00:30:00+00:00,2026-06-05 01:00:00+00:00,買い,0.0016035267781739804,0.5,利確,GBP/AUD
2026-06-05 03:15:00+00:00,2026-06-05 13:15:00+00:00,買い,0.0023614477916329315,10.0,利確,GBP/AUD
2026-06-05 21:00:00+00:00,2026-06-08 09:30:00+00:00,買い,-0.0025491632932367445,60.5,損切,GBP/AUD
2026-06-08 16:00:00+00:00,2026-06-08 21:15:00+00:00,買い,0.0015648092491200472,5.25,利確,GBP/AUD
2026-06-08 22:00:00+00:00,2026-06-09 08:00:00+00:00,買い,0.0014636829116707495,10.0,利確,GBP/AUD
2026-06-09 18:30:00+00:00,2026-06-09 21:15:00+00:00,買い,-0.0017641232546541485,2.75,損切,GBP/AUD
2026-06-09 21:15:00+00:00,2026-06-10 12:30:00+00:00,買い,0.0014601421198419007,15.25,損切,GBP/AUD
2026-06-10 17:00:00+00:00,2026-06-11 00:00:00+00:00,買い,0.0016462633808551508,7.0,利確,GBP/AUD
2026-06-11 00:30:00+00:00,2026-06-11 01:45:00+00:00,買い,0.000312197274366255,1.25,利確,GBP/AUD
2026-06-11 06:45:00+00:00,2026-06-11 15:00:00+00:00,買い,-0.0019266013699529405,8.25,損切,GBP/AUD
2026-06-12 07:00:00+00:00,2026-06-12 09:15:00+00:00,買い,-0.002598529753535372,2.25,損切,GBP/AUD
2026-06-17 05:00:00+00:00,2026-06-17 14:00:00+00:00,買い,-0.003442300571178458,9.0,損切,GBP/AUD
2026-06-18 08:00:00+00:00,2026-06-18 21:00:00+00:00,売り,0.004702026834753947,13.0,利確,GBP/AUD
2026-06-19 02:30:00+00:00,2026-06-19 11:00:00+00:00,売り,-0.002521852495000154,8.5,損切,GBP/AUD
2026-06-22 04:45:00+00:00,2026-06-22 08:00:00+00:00,売り,0.00044766559162500173,3.25,利確,GBP/AUD
2026-06-23 12:00:00+00:00,2026-06-24 12:00:00+00:00,買い,0.0010983505513750714,24.0,損切,GBP/AUD
2026-06-24 17:45:00+00:00,2026-06-24 21:00:00+00:00,買い,-0.0023992618800037333,3.25,損切,GBP/AUD
2026-06-25 01:30:00+00:00,2026-06-25 11:45:00+00:00,買い,-0.0020847211333663404,10.25,損切,GBP/AUD
2026-06-25 14:00:00+00:00,2026-06-25 21:15:00+00:00,買い,-0.003509622118569988,7.25,損切,GBP/AUD
2026-06-26 00:00:00+00:00,2026-06-26 20:45:00+00:00,買い,0.001515251283505037,20.75,利確,GBP/AUD
2026-06-29 00:15:00+00:00,2026-06-29 07:45:00+00:00,買い,-7.647225334906907e-05,7.5,利確,GBP/AUD
2026-06-29 10:45:00+00:00,2026-06-29 11:00:00+00:00,買い,0.0006619722990859223,0.25,利確,GBP/AUD
2026-06-29 21:15:00+00:00,2026-06-30 00:00:00+00:00,買い,0.0014003117566654289,2.75,利確,GBP/AUD
2026-06-30 01:30:00+00:00,2026-06-30 11:00:00+00:00,買い,-0.0028994495527802197,9.5,損切,GBP/AUD
2026-07-01 02:00:00+00:00,2026-07-01 12:15:00+00:00,買い,-0.0020056105764477803,10.25,損切,GBP/AUD
2026-07-01 13:45:00+00:00,2026-07-01 14:45:00+00:00,買い,0.0016555944135625445,1.0,利確,GBP/AUD
2026-07-01 21:15:00+00:00,2026-07-02 06:45:00+00:00,買い,0.002297352339648995,9.5,利確,GBP/AUD
